192.168.0.1,IPAddr
10.0.0.1,IPAddr
172.16.0.1,IPAddr
192.168.1.1,IPAddr
192.168.0.100,IPAddr
192.168.2.1,IPAddr
192.168.0.10,IPAddr
192.168.10.1,IPAddr
192.168.0.2,IPAddr
192.168.0.101,IPAddr
192.168.0.11,IPAddr
192.168.0.3,IPAddr
192.168.0.102,IPAddr
192.168.0.12,IPAddr
192.168.0.4,IPAddr
192.168.0.103,IPAddr
192.168.0.13,IPAddr
192.168.0.5,IPAddr
192.168.0.104,IPAddr
192.168.0.14,IPAddr
192.168.0.6,IPAddr
192.168.0.105,IPAddr
192.168.0.15,IPAddr
192.168.0.7,IPAddr
192.168.0.106,IPAddr
192.168.0.16,IPAddr
192.168.0.8,IPAddr
192.168.0.107,IPAddr
192.168.0.17,IPAddr
192.168.0.9,IPAddr
192.168.0.108,IPAddr
192.168.0.18,IPAddr
192.168.0.10,IPAddr
192.168.0.109,IPAddr
192.168.0.19,IPAddr
192.168.0.20,IPAddr
192.168.0.110,IPAddr
192.168.0.21,IPAddr
192.168.0.22,IPAddr
192.168.0.111,IPAddr
192.168.0.23,IPAddr
192.168.0.24,IPAddr
192.168.0.112,IPAddr
192.168.0.25,IPAddr
192.168.0.26,IPAddr
192.168.0.113,IPAddr
192.168.0.27,IPAddr
192.168.0.28,IPAddr
192.168.0.114,IPAddr
192.168.0.29,IPAddr
Emma,Name
Liam,Name
Olivia,Name
Noah,Name
Ava,Name
Lucas,Name
Isabella,Name
Sophia,Name
Mia,Name
Jackson,Name
Aiden,Name
Elijah,Name
Grayson,Name
Amelia,Name
Charlotte,Name
Harper,Name
James,Name
Mason,Name
Evelyn,Name
Ella,Name
Oliver,Name
Benjamin,Name
Sebastian,Name
Avery,Name
Alexander,Name
Evelyn,Name
Sophie,Name
Abigail,Name
Emily,Name
Daniel,Name
Scarlett,Name
Luna,Name
Henry,Name
Lily,Name
Grace,Name
Christopher,Name
Matthew,Name
Samuel,Name
David,Name
Joseph,Name
Michael,Name
Andrew,Name
Carter,Name
Madison,Name
Emily,Name
Ethan,Name
Daniel,Name
Sophia,Name
Ava,Name
host_name_1,HostName
host-name-2,HostName
myhost_3,HostName
server-4,HostName
web_host_5,HostName
dns-server-6,HostName
mailhost-7,HostName
host-8,HostName
backup-server-9,HostName
webhost_10,HostName
app_server_11,HostName
server_12,HostName
my-host-13,HostName
database_14,HostName
web-host-15,HostName
test-server-16,HostName
host-17,HostName
mail-server_18,HostName
webhost-19,HostName
server_20,HostName
myhost-21,HostName
host-22,HostName
dns-server_23,HostName
web-host_24,HostName
backup-25,HostName
host_26,HostName
app-server_27,HostName
server-28,HostName
myhost_29,HostName
webhost-30,HostName
database_31,HostName
mailserver-32,HostName
web-host-33,HostName
testserver_34,HostName
host-35,HostName
web-host-36,HostName
mail-server_37,HostName
host_38,HostName
app_server_39,HostName
server-40,HostName
myhost_41,HostName
web_host-42,HostName
backup-43,HostName
mailhost_44,HostName
webhost-45,HostName
server_46,HostName
my-host_47,HostName
database_48,HostName
host-49,HostName
web-host-50,HostName
"453,216",Integer
"95,486",Integer
"620,582",Integer
"348,769",Integer
"3,456",Integer
"72,980",Integer
"166,822",Integer
"827,491",Integer
"712,916",Integer
"31,207",Integer
"918,256",Integer
"578,015",Integer
"47,349",Integer
"666,666",Integer
"836,977",Integer
"286,635",Integer
"10,284",Integer
"504,523",Integer
"822,967",Integer
"125,821",Integer
"787,383",Integer
"599,136",Integer
"28,786",Integer
"932,401",Integer
"414,705",Integer
"4,892",Integer
"230,404",Integer
"101,010",Integer
"819,183",Integer
"67,253",Integer
"393,456",Integer
"514,920",Integer
"27,654",Integer
"974,315",Integer
"193,208",Integer
"848,839",Integer
"88,888",Integer
"120,550",Integer
"618,469",Integer
"3,559",Integer
"322,976",Integer
"753,614",Integer
"65,587",Integer
"972,945",Integer
"147,029",Integer
"777,777",Integer
"489,293",Integer
"79,447",Integer
"620,620",Integer
"642,917",Integer
"138,495",Integer
753253.87,Real
1284.46,Real
659162.92,Real
738550.42,Real
282.16,Real
916067.64,Real
9245.33,Real
448571.26,Real
950946.02,Real
152080.94,Real
4506.45,Real
810984.18,Real
70387.12,Real
965740.48,Real
170641.72,Real
2504.54,Real
585683.34,Real
491931.89,Real
470600.91,Real
283418.18,Real
476950.14,Real
645572.31,Real
6596.59,Real
4858.81,Real
819964.89,Real
97858.03,Real
587493.72,Real
857057.11,Real
880053.68,Real
307.07,Real
573780.73,Real
866.79,Real
3236.89,Real
176765.98,Real
434105.55,Real
289.3,Real
621752.0,Real
202694.16,Real
55.74,Real
276382.19,Real
495044.15,Real
75140.37,Real
63899.37,Real
893160.47,Real
205335.36,Real
925807.79,Real
865112.07,Real
3388.77,Real
1223.18,Real
883131.18,Real
694808.82,Real
"April 10, 2023",Date
22/06/2024,Date
"5th of August, 2025",Date
09-11-2026,Date
"December 25, 2027",Date
17/03/2028,Date
"July 14th, 2029",Date
12-05-2030,Date
"March 8, 2031",Date
06/07/2032,Date
"November 11th, 2033",Date
03-09-2034,Date
"February 14, 2035",Date
25/10/2036,Date
"June 21st, 2037",Date
07-04-2038,Date
"May 1, 2039",Date
16/08/2040,Date
"December 31st, 2041",Date
16-11-2042,Date
"January 10, 2043",Date
11/07/2044,Date
"September 5th, 2045",Date
09-12-2046,Date
"November 27, 2047",Date
23/02/2048,Date
"April 20th, 2049",Date
08-10-2050,Date
"March 17, 2051",Date
17/06/2052,Date
"July 3rd, 2053",Date
10-09-2054,Date
"December 25, 2055",Date
29/03/2056,Date
"May 11th, 2057",Date
05-07-2058,Date
"February 29, 2059",Date
13/11/2060,Date
"January 1st, 2061",Date
01-01-2062,Date
"September 11, 2063",Date
12/05/2064,Date
"August 30th, 2065",Date
12-07-2066,Date
"December 24, 2067",Date
28/10/2068,Date
"June 18th, 2069",Date
01-09-2070,Date
"November 5, 2071",Date
19/02/2072,Date
"January 15th, 2073",Date
22-08-2074,Date
192.168.1.1,IPAddr
10.0.0.1,IPAddr
172.16.0.1,IPAddr
192.168.0.1,IPAddr
192.168.2.1,IPAddr
10.0.0.2,IPAddr
172.16.0.2,IPAddr
192.168.0.2,IPAddr
192.168.2.2,IPAddr
10.0.0.3,IPAddr
172.16.0.3,IPAddr
192.168.0.3,IPAddr
192.168.2.3,IPAddr
10.0.0.4,IPAddr
172.16.0.4,IPAddr
192.168.0.4,IPAddr
192.168.2.4,IPAddr
10.0.0.5,IPAddr
172.16.0.5,IPAddr
192.168.0.5,IPAddr
192.168.2.5,IPAddr
10.0.0.6,IPAddr
172.16.0.6,IPAddr
192.168.0.6,IPAddr
192.168.2.6,IPAddr
10.0.0.7,IPAddr
172.16.0.7,IPAddr
192.168.0.7,IPAddr
192.168.2.7,IPAddr
10.0.0.8,IPAddr
172.16.0.8,IPAddr
192.168.0.8,IPAddr
192.168.2.8,IPAddr
10.0.0.9,IPAddr
172.16.0.9,IPAddr
192.168.0.9,IPAddr
192.168.2.9,IPAddr
10.0.0.10,IPAddr
172.16.0.10,IPAddr
192.168.0.10,IPAddr
192.168.2.10,IPAddr
10.0.0.11,IPAddr
172.16.0.11,IPAddr
192.168.0.11,IPAddr
192.168.2.11,IPAddr
10.0.0.12,IPAddr
172.16.0.12,IPAddr
192.168.0.12,IPAddr
192.168.2.12,IPAddr
10.0.0.13,IPAddr
172.16.0.13,IPAddr
192.168.0.13,IPAddr
192.168.2.13,IPAddr
10.0.0.14,IPAddr
172.16.0.14,IPAddr
192.168.0.14,IPAddr
192.168.2.14,IPAddr
10.0.0.15,IPAddr
172.16.0.15,IPAddr
192.168.0.15,IPAddr
192.168.2.15,IPAddr
Emma,Name
Noah,Name
Olivia,Name
Liam,Name
Ava,Name
Isabella,Name
Sophia,Name
Mia,Name
Charlotte,Name
Amelia,Name
Harper,Name
Evelyn,Name
Abigail,Name
Emily,Name
Elizabeth,Name
Mila,Name
Ella,Name
Avery,Name
Sofia,Name
Camila,Name
Aria,Name
Scarlett,Name
Victoria,Name
Madison,Name
Luna,Name
Grace,Name
Chloe,Name
Penelope,Name
Layla,Name
Riley,Name
Zoey,Name
Nora,Name
Lily,Name
Eleanor,Name
Hannah,Name
Lillian,Name
Addison,Name
Aubrey,Name
Ellie,Name
Stella,Name
Natalie,Name
Zoe,Name
Leah,Name
Hazel,Name
Violet,Name
Aurora,Name
Savannah,Name
Audrey,Name
Brooklyn,Name
Bella,Name
host_name_1,HostName
myHost-2,HostName
3rd_hostname,HostName
host_name_4,HostName
host-5,HostName
server6,HostName
7_host_name,HostName
host_8-9,HostName
hostname10,HostName
host_name_11,HostName
myHost-12,HostName
13th_host_name,HostName
host_name-14,HostName
server_15,HostName
16_host_name,HostName
host-17,HostName
hostname_18,HostName
host_name19,HostName
myHost-20,HostName
21st_host_name,HostName
host_name-22,HostName
server_23,HostName
24_host_name,HostName
host-25,HostName
hostname_26,HostName
host_name27,HostName
myHost-28,HostName
29th_host_name,HostName
host_name-30,HostName
server_31,HostName
32_host_name,HostName
host-33,HostName
hostname_34,HostName
host_name35,HostName
myHost-36,HostName
37th_host_name,HostName
host_name-38,HostName
server_39,HostName
40_host_name,HostName
host-41,HostName
hostname_42,HostName
host_name43,HostName
myHost-44,HostName
45th_host_name,HostName
host_name-46,HostName
server_47,HostName
48_host_name,HostName
host-49,HostName
hostname_50,HostName
52413,Integer
"876,052",Integer
39420,Integer
"52,418",Integer
"9,263",Integer
"602,746",Integer
194832,Integer
"8,392",Integer
845376,Integer
"23,103",Integer
"304,621",Integer
"2,109",Integer
39172,Integer
"79,042",Integer
453289,Integer
"58,260",Integer
"370,569",Integer
189246,Integer
"504,281",Integer
"4,139",Integer
"154,823",Integer
"873,692",Integer
533924,Integer
"73,012",Integer
"12,808",Integer
"134,920",Integer
"839,538",Integer
"421,094",Integer
"27,239",Integer
"604,751",Integer
94466,Integer
"68,397",Integer
785462,Integer
"45,909",Integer
"393,825",Integer
"521,469",Integer
"38,413",Integer
"3,472",Integer
"974,129",Integer
"318,617",Integer
790042,Integer
"72,893",Integer
"283,647",Integer
"85,471",Integer
"901,379",Integer
"6,982",Integer
"428,359",Integer
24897,Integer
682147,Integer
14709,Integer
87953.82,Real
"92,814.06",Real
"608,927.19",Real
"421,037.05",Real
"4,628.72",Real
"759,104.45",Real
"176,055.23",Real
"7,732.41",Real
"682,097.58",Real
"423,531.39",Real
"356,219.37",Real
"179,521.28",Real
"65,793.15",Real
"82,184.78",Real
"915,382.99",Real
"716,803.99",Real
"780,530.61",Real
"626,927.57",Real
"528,384.93",Real
"850,002.54",Real
"18,295.19",Real
"432,208.95",Real
"332,913.56",Real
"96,813.34",Real
"437,635.86",Real
"412,725.75",Real
"110,023.71",Real
"754,038.76",Real
"145,899.22",Real
"1,665.72",Real
"317,798.09",Real
"199,721.88",Real
"57,058.04",Real
"651,986.03",Real
"896,487.56",Real
"17,635.99",Real
"15,958.72",Real
"835,148.89",Real
"667,640.43",Real
"446,881.49",Real
"35,206.81",Real
"521,928.04",Real
"408,220.13",Real
"269,754.33",Real
"92,711.59",Real
"17,237.66",Real
"736,943.77",Real
"190,002.76",Real
"538,863.21",Real
"478,547.11",Real
"391,972.70",Real
"January 14, 2023",Date
07/22/2024,Date
10th April 2025,Date
2026-11-30,Date
"March 05, 2027",Date
12/16/2028,Date
26th February 2029,Date
2030-09-23,Date
"August 08, 2031",Date
01/12/2032,Date
November 23rd 2033,Date
2034-06-09,Date
"February 14, 2035",Date
05/18/2036,Date
June 30th 2037,Date
2038-03-13,Date
"September 19, 2039",Date
02/02/2040,Date
July 25th 2041,Date
2042-12-29,Date
"April 03, 2043",Date
09/06/2044,Date
11th January 2045,Date
2046-08-17,Date
"May 11, 2047",Date
07/15/2048,Date
October 24th 2049,Date
2050-05-28,Date
"December 20, 2051",Date
04/23/2052,Date
03rd November 2053,Date
2054-10-03,Date
"January 09, 2055",Date
08/13/2056,Date
September 26th 2057,Date
2058-04-07,Date
"February 28, 2059",Date
12/01/2060,Date
September 11th 2061,Date
2062-06-25,Date
"March 18, 2063",Date
09/20/2064,Date
July 07th 2065,Date
2066-02-12,Date
"November 05, 2067",Date
06/09/2068,Date
22nd December 2069,Date
2070-07-26,Date
"May 14, 2071",Date
09/17/2072,Date
08:34 AM,Time
01:57 PM,Time
10:22 AM,Time
23:49 PM,Time
04:15 AM,Time
11:36 PM,Time
06:49 AM,Time
14:58 PM,Time
09:07 AM,Time
12:46 PM,Time
18:53 PM,Time
03:17 AM,Time
07:59 AM,Time
16:02 PM,Time
05:25 AM,Time
13:44 PM,Time
08:18 AM,Time
17:23 PM,Time
02:50 AM,Time
09:36 PM,Time
11:58 AM,Time
21:07 PM,Time
02:39 AM,Time
10:55 AM,Time
19:21 PM,Time
00:04 AM,Time
08:30 AM,Time
15:58 PM,Time
07:11 AM,Time
16:22 PM,Time
04:50 AM,Time
12:12 PM,Time
23:29 PM,Time
06:05 AM,Time
14:39 PM,Time
10:09 AM,Time
21:25 PM,Time
01:33 AM,Time
09:51 AM,Time
18:12 PM,Time
04:29 AM,Time
11:54 AM,Time
20:25 PM,Time
02:32 AM,Time
08:59 AM,Time
17:18 PM,Time
03:47 AM,Time
11:25 AM,Time
22:04 PM,Time
00:37 AM,Time
!,Punctuation
**,Punctuation
...,Punctuation
",",Punctuation
;,Punctuation
?,Punctuation
',Punctuation
"""",Punctuation
_,Punctuation
-,Punctuation
+,Punctuation
=,Punctuation
>,Punctuation
<,Punctuation
(,Punctuation
),Punctuation
[,Punctuation
],Punctuation
{,Punctuation
},Punctuation
@,Punctuation
#,Punctuation
$,Punctuation
%,Punctuation
&,Punctuation
*,Punctuation
/,Punctuation
\,Punctuation
|,Punctuation
~,Punctuation
^,Punctuation
`,Punctuation
¡,Punctuation
¢,Punctuation
£,Punctuation
¤,Punctuation
¥,Punctuation
¦,Punctuation
¨,Punctuation
©,Punctuation
ª,Punctuation
®,Punctuation
¯,Punctuation
apple,Word
dog,Word
car,Word
book,Word
tree,Word
house,Word
sun,Word
cat,Word
rain,Word
bird,Word
flower,Word
coffee,Word
moon,Word
music,Word
love,Word
friend,Word
city,Word
sky,Word
ocean,Word
beach,Word
mountain,Word
star,Word
dream,Word
smile,Word
hope,Word
time,Word
happy,Word
school,Word
money,Word
health,Word
family,Word
food,Word
work,Word
game,Word
baby,Word
dance,Word
water,Word
night,Word
fire,Word
green,Word
purple,Word
joy,Word
peace,Word
travels,Word
bird,Word
butterfly,Word
sunset,Word
breeze,Word
laugh,Word
holiday,Word
zinglet,Nonsense
flibberboop,Nonsense
snogglewoo,Nonsense
wobbleflop,Nonsense
doodleblitz,Nonsense
fuzzlebump,Nonsense
snickerdoodle,Nonsense
wigglesnatch,Nonsense
jibberwack,Nonsense
zibberflap,Nonsense
gibbermunk,Nonsense
quibblesnatch,Nonsense
zippityzop,Nonsense
snicklefritz,Nonsense
noodlebop,Nonsense
wifflewhop,Nonsense
dibblebop,Nonsense
flibberflap,Nonsense
squibblebop,Nonsense
jibberjab,Nonsense
wobbleflap,Nonsense
shibberwoop,Nonsense
noodleblab,Nonsense
frazzleblitz,Nonsense
zibberdoodle,Nonsense
blibberflop,Nonsense
wobbleblitz,Nonsense
snickerdop,Nonsense
gibberflap,Nonsense
quibblemunk,Nonsense
zippityzip,Nonsense
snicklejib,Nonsense
noodlewhop,Nonsense
wiffleblitz,Nonsense
squibberwop,Nonsense
jibbermop,Nonsense
wobblewhop,Nonsense
shibberdop,Nonsense
snootleblap,Nonsense
drazzleflop,Nonsense
zibberjib,Nonsense
flibberwhop,Nonsense
wobbleboop,Nonsense
snickerblup,Nonsense
gibberrap,Nonsense
jibberzop,Nonsense
wobblemop,Nonsense
flibberzoop,Nonsense
shibberjib,Nonsense
fh,RandomChars
w,RandomChars
plj,RandomChars
qdr,RandomChars
th,RandomChars
b,RandomChars
m,RandomChars
p,RandomChars
tsy,RandomChars
gjdt,RandomChars
x,RandomChars
po,RandomChars
lra,RandomChars
jzv,RandomChars
sbwc,RandomChars
xbpx,RandomChars
kn,RandomChars
v,RandomChars
zyok,RandomChars
ycifi,RandomChars
kg,RandomChars
s,RandomChars
pj,RandomChars
ycm,RandomChars
gaig,RandomChars
fb,RandomChars
scq,RandomChars
z,RandomChars
fyy,RandomChars
qeij,RandomChars
vfj,RandomChars
ir,RandomChars
i,RandomChars
gn,RandomChars
hb,RandomChars
y,RandomChars
t,RandomChars
ku,RandomChars
yv,RandomChars
tcnq,RandomChars
f,RandomChars
j,RandomChars
bup,RandomChars
hwd,RandomChars
ic,RandomChars
h,RandomChars
e,RandomChars
yzy,RandomChars
o,RandomChars
c,RandomChars
192.168.0.1,IPAddr
10.0.0.1,IPAddr
172.16.0.1,IPAddr
192.168.1.1,IPAddr
192.168.2.1,IPAddr
10.0.0.2,IPAddr
172.16.0.2,IPAddr
192.168.0.2,IPAddr
192.168.2.2,IPAddr
10.0.0.3,IPAddr
172.16.0.3,IPAddr
192.168.0.3,IPAddr
192.168.2.3,IPAddr
10.0.0.4,IPAddr
172.16.0.4,IPAddr
192.168.0.4,IPAddr
192.168.2.4,IPAddr
10.0.0.5,IPAddr
172.16.0.5,IPAddr
192.168.0.5,IPAddr
192.168.2.5,IPAddr
10.0.0.6,IPAddr
172.16.0.6,IPAddr
192.168.0.6,IPAddr
192.168.2.6,IPAddr
10.0.0.7,IPAddr
172.16.0.7,IPAddr
192.168.0.7,IPAddr
192.168.2.7,IPAddr
10.0.0.8,IPAddr
172.16.0.8,IPAddr
192.168.0.8,IPAddr
192.168.2.8,IPAddr
10.0.0.9,IPAddr
172.16.0.9,IPAddr
192.168.0.9,IPAddr
192.168.2.9,IPAddr
10.0.0.10,IPAddr
172.16.0.10,IPAddr
192.168.0.10,IPAddr
192.168.2.10,IPAddr
10.0.0.11,IPAddr
172.16.0.11,IPAddr
192.168.0.11,IPAddr
192.168.2.11,IPAddr
10.0.0.12,IPAddr
172.16.0.12,IPAddr
192.168.0.12,IPAddr
192.168.2.12,IPAddr
Mila,Name
Elijah,Name
Ava,Name
Noah,Name
Isabella,Name
Oliver,Name
Sophia,Name
Liam,Name
Charlotte,Name
Amelia,Name
William,Name
Harper,Name
James,Name
Scarlett,Name
Henry,Name
Victoria,Name
Lucas,Name
Madison,Name
Evelyn,Name
Benjamin,Name
Aria,Name
David,Name
Abigail,Name
Logan,Name
Emily,Name
Olivia,Name
Samuel,Name
Elizabeth,Name
Michael,Name
Mila,Name
Daniel,Name
Grace,Name
Ella,Name
Sofia,Name
Emma,Name
Jacob,Name
Avery,Name
Mason,Name
Lily,Name
Nathan,Name
Zoe,Name
Joshua,Name
Chloe,Name
Mia,Name
Ethan,Name
Hannah,Name
Sarah,Name
Matthew,Name
Landon,Name
Aiden,Name
host_name_1,HostName
myHost-2,HostName
3rd_hostname,HostName
host_name_4,HostName
host-5,HostName
server6,HostName
7_host_name,HostName
host_8-9,HostName
hostname10,HostName
host_name_11,HostName
myHost-12,HostName
13th_host_name,HostName
host_name-14,HostName
server_15,HostName
16_host_name,HostName
host-17,HostName
hostname_18,HostName
host_name19,HostName
myHost-20,HostName
21st_host_name,HostName
host_name-22,HostName
server_23,HostName
24_host_name,HostName
host-25,HostName
hostname_26,HostName
host_name27,HostName
myHost-28,HostName
29th_host_name,HostName
host_name-30,HostName
server_31,HostName
32_host_name,HostName
host-33,HostName
hostname_34,HostName
host_name35,HostName
myHost-36,HostName
37th_host_name,HostName
host_name-38,HostName
server_39,HostName
40_host_name,HostName
host-41,HostName
hostname_42,HostName
host_name43,HostName
myHost-44,HostName
45th_host_name,HostName
host_name-46,HostName
server_47,HostName
48_host_name,HostName
host-49,HostName
hostname_50,HostName
12743,Integer
"876,052",Integer
39420,Integer
"52,418",Integer
"9,263",Integer
"602,746",Integer
"194,832",Integer
"8,392",Integer
"845,376",Integer
"23,103",Integer
"304,621",Integer
"2,109",Integer
"39,172",Integer
"79,042",Integer
"453,289",Integer
"58,260",Integer
"370,569",Integer
"189,246",Integer
"504,281",Integer
"4,139",Integer
"154,823",Integer
"873,692",Integer
"533,924",Integer
"73,012",Integer
"12,808",Integer
"134,920",Integer
"839,538",Integer
"421,094",Integer
"27,239",Integer
"604,751",Integer
"94,466",Integer
"68,397",Integer
"785,462",Integer
"45,909",Integer
"393,825",Integer
"521,469",Integer
"38,413",Integer
"3,472",Integer
"974,129",Integer
"318,617",Integer
"790,042",Integer
"72,893",Integer
"283,647",Integer
"85,471",Integer
"901,379",Integer
"6,982",Integer
"428,359",Integer
"24,897",Integer
"682,147",Integer
"14,709",Integer
95753.82,Real
92814.06,Real
608927.19,Real
421037.05,Real
4628.72,Real
759104.45,Real
176055.23,Real
7732.41,Real
682097.58,Real
423531.39,Real
356219.37,Real
179521.28,Real
65793.15,Real
82184.78,Real
915382.99,Real
716803.99,Real
780530.61,Real
626927.57,Real
528384.93,Real
850002.54,Real
18295.19,Real
432208.95,Real
332913.56,Real
96813.34,Real
437635.86,Real
412725.75,Real
110023.71,Real
754038.76,Real
145899.22,Real
1665.72,Real
317798.09,Real
199721.88,Real
57058.04,Real
651986.03,Real
896487.56,Real
17635.99,Real
15958.72,Real
835148.89,Real
667640.43,Real
446881.49,Real
35206.81,Real
521928.04,Real
408220.13,Real
269754.33,Real
92711.59,Real
17237.66,Real
736943.77,Real
190002.76,Real
538863.21,Real
478547.11,Real
391972.70,Real
"January 14, 2023",Date
07/22/2024,Date
10th April 2025,Date
2026-11-30,Date
"March 05, 2027",Date
12/16/2028,Date
26th February 2029,Date
2030-09-23,Date
"August 08, 2031",Date
01/12/2032,Date
November 23rd 2033,Date
2034-06-09,Date
"February 14, 2035",Date
05/18/2036,Date
June 30th 2037,Date
2038-03-13,Date
"September 19, 2039",Date
02/02/2040,Date
July 25th 2041,Date
2042-12-29,Date
"April 03, 2043",Date
09/06/2044,Date
11th January 2045,Date
2046-08-17,Date
"May 11, 2047",Date
07/15/2048,Date
October 24th 2049,Date
2050-05-28,Date
"December 20, 2051",Date
04/23/2052,Date
03rd November 2053,Date
2054-10-03,Date
"January 09, 2055",Date
08/13/2056,Date
September 26th 2057,Date
2058-04-07,Date
"February 28, 2059",Date
12/01/2060,Date
September 11th 2061,Date
2062-06-25,Date
"March 18, 2063",Date
09/20/2064,Date
July 07th 2065,Date
2066-02-12,Date
"November 05, 2067",Date
06/09/2068,Date
22nd December 2069,Date
2070-07-26,Date
"May 14, 2071",Date
09/17/2072,Date
08:34 AM,Time
01:57 PM,Time
10:22 AM,Time
23:49 PM,Time
04:15 AM,Time
11:36 PM,Time
06:49 AM,Time
14:58 PM,Time
09:07 AM,Time
12:46 PM,Time
18:53 PM,Time
03:17 AM,Time
07:59 AM,Time
16:02 PM,Time
05:25 AM,Time
13:44 PM,Time
08:18 AM,Time
17:23 PM,Time
02:50 AM,Time
09:36 PM,Time
11:58 AM,Time
21:07 PM,Time
02:39 AM,Time
10:55 AM,Time
19:21 PM,Time
00:04 AM,Time
08:30 AM,Time
15:58 PM,Time
07:11 AM,Time
16:22 PM,Time
04:50 AM,Time
12:12 PM,Time
23:29 PM,Time
06:05 AM,Time
14:39 PM,Time
10:09 AM,Time
21:25 PM,Time
01:33 AM,Time
09:51 AM,Time
18:12 PM,Time
04:29 AM,Time
11:54 AM,Time
20:25 PM,Time
02:32 AM,Time
08:59 AM,Time
17:18 PM,Time
03:47 AM,Time
11:25 AM,Time
22:04 PM,Time
00:37 AM,Time
!,Punctuation
**,Punctuation
...,Punctuation
",",Punctuation
;,Punctuation
?,Punctuation
',Punctuation
"""",Punctuation
_,Punctuation
-,Punctuation
+,Punctuation
=,Punctuation
>,Punctuation
<,Punctuation
(,Punctuation
),Punctuation
[,Punctuation
],Punctuation
{,Punctuation
},Punctuation
@,Punctuation
#,Punctuation
$,Punctuation
%,Punctuation
&,Punctuation
*,Punctuation
/,Punctuation
\,Punctuation
|,Punctuation
~,Punctuation
^,Punctuation
`,Punctuation
¡,Punctuation
¢,Punctuation
£,Punctuation
¤,Punctuation
¥,Punctuation
¦,Punctuation
¨,Punctuation
©,Punctuation
ª,Punctuation
®,Punctuation
¯,Punctuation
apple,Word
dog,Word
car,Word
book,Word
tree,Word
house,Word
sun,Word
cat,Word
rain,Word
bird,Word
flower,Word
coffee,Word
moon,Word
music,Word
love,Word
friend,Word
city,Word
sky,Word
ocean,Word
beach,Word
mountain,Word
star,Word
dream,Word
smile,Word
hope,Word
time,Word
happy,Word
school,Word
money,Word
health,Word
family,Word
food,Word
work,Word
game,Word
baby,Word
dance,Word
water,Word
night,Word
fire,Word
green,Word
purple,Word
joy,Word
peace,Word
travels,Word
bird,Word
butterfly,Word
sunset,Word
breeze,Word
laugh,Word
holiday,Word
zinglet,Nonsense
flibberboop,Nonsense
snogglewoo,Nonsense
wobbleflop,Nonsense
doodleblitz,Nonsense
fuzzlebump,Nonsense
snickerdoodle,Nonsense
wigglesnatch,Nonsense
jibberwack,Nonsense
zibberflap,Nonsense
gibbermunk,Nonsense
quibblesnatch,Nonsense
zippityzop,Nonsense
snicklefritz,Nonsense
noodlebop,Nonsense
wifflewhop,Nonsense
dibblebop,Nonsense
flibberflap,Nonsense
squibblebop,Nonsense
jibberjab,Nonsense
wobbleflap,Nonsense
shibberwoop,Nonsense
noodleblab,Nonsense
frazzleblitz,Nonsense
zibberdoodle,Nonsense
blibberflop,Nonsense
wobbleblitz,Nonsense
snickerdop,Nonsense
gibberflap,Nonsense
quibblemunk,Nonsense
zippityzip,Nonsense
snicklejib,Nonsense
noodlewhop,Nonsense
wiffleblitz,Nonsense
squibberwop,Nonsense
jibbermop,Nonsense
wobblewhop,Nonsense
shibberdop,Nonsense
snootleblap,Nonsense
drazzleflop,Nonsense
zibberjib,Nonsense
flibberwhop,Nonsense
wobbleboop,Nonsense
snickerblup,Nonsense
gibberrap,Nonsense
jibberzop,Nonsense
wobblemop,Nonsense
flibberzoop,Nonsense
shibberjib,Nonsense
fh,RandomChars
w,RandomChars
plj,RandomChars
qdr,RandomChars
th,RandomChars
b,RandomChars
m,RandomChars
p,RandomChars
tsy,RandomChars
gjdt,RandomChars
x,RandomChars
po,RandomChars
lra,RandomChars
jzv,RandomChars
sbwc,RandomChars
xbpx,RandomChars
kn,RandomChars
v,RandomChars
zyok,RandomChars
ycifi,RandomChars
kg,RandomChars
s,RandomChars
pj,RandomChars
ycm,RandomChars
gaig,RandomChars
fb,RandomChars
scq,RandomChars
z,RandomChars
fyy,RandomChars
qeij,RandomChars
vfj,RandomChars
ir,RandomChars
i,RandomChars
gn,RandomChars
hb,RandomChars
y,RandomChars
t,RandomChars
ku,RandomChars
yv,RandomChars
tcnq,RandomChars
f,RandomChars
j,RandomChars
bup,RandomChars
hwd,RandomChars
ic,RandomChars
h,RandomChars
e,RandomChars
yzy,RandomChars
o,RandomChars
c,RandomChars
192.168.0.1,IPAddr
10.0.0.1,IPAddr
172.16.0.1,IPAddr
192.168.1.1,IPAddr
192.168.2.1,IPAddr
10.0.0.2,IPAddr
172.16.0.2,IPAddr
192.168.0.2,IPAddr
192.168.2.2,IPAddr
10.0.0.3,IPAddr
172.16.0.3,IPAddr
192.168.0.3,IPAddr
192.168.2.3,IPAddr
10.0.0.4,IPAddr
172.16.0.4,IPAddr
192.168.0.4,IPAddr
192.168.2.4,IPAddr
10.0.0.5,IPAddr
172.16.0.5,IPAddr
192.168.0.5,IPAddr
192.168.2.5,IPAddr
10.0.0.6,IPAddr
172.16.0.6,IPAddr
192.168.0.6,IPAddr
192.168.2.6,IPAddr
10.0.0.7,IPAddr
172.16.0.7,IPAddr
192.168.0.7,IPAddr
192.168.2.7,IPAddr
10.0.0.8,IPAddr
172.16.0.8,IPAddr
192.168.0.8,IPAddr
192.168.2.8,IPAddr
10.0.0.9,IPAddr
172.16.0.9,IPAddr
192.168.0.9,IPAddr
192.168.2.9,IPAddr
10.0.0.10,IPAddr
172.16.0.10,IPAddr
192.168.0.10,IPAddr
192.168.2.10,IPAddr
10.0.0.11,IPAddr
172.16.0.11,IPAddr
192.168.0.11,IPAddr
192.168.2.11,IPAddr
10.0.0.12,IPAddr
172.16.0.12,IPAddr
192.168.0.12,IPAddr
192.168.2.12,IPAddr
Mila,Name
Elijah,Name
Ava,Name
Noah,Name
Isabella,Name
Oliver,Name
Sophia,Name
Liam,Name
Charlotte,Name
Amelia,Name
William,Name
Harper,Name
James,Name
Scarlett,Name
Henry,Name
Victoria,Name
Lucas,Name
Madison,Name
Evelyn,Name
Benjamin,Name
Aria,Name
David,Name
Abigail,Name
Logan,Name
Emily,Name
Olivia,Name
Samuel,Name
Elizabeth,Name
Michael,Name
Mila,Name
Daniel,Name
Grace,Name
Ella,Name
Sofia,Name
Emma,Name
Jacob,Name
Avery,Name
Mason,Name
Lily,Name
Nathan,Name
Zoe,Name
Joshua,Name
Chloe,Name
Mia,Name
Ethan,Name
Hannah,Name
Sarah,Name
Matthew,Name
Landon,Name
Aiden,Name
host_name_1,HostName
myHost-2,HostName
3rd_hostname,HostName
host_name_4,HostName
host-5,HostName
server6,HostName
7_host_name,HostName
host_8-9,HostName
hostname10,HostName
host_name_11,HostName
myHost-12,HostName
13th_host_name,HostName
host_name-14,HostName
server_15,HostName
16_host_name,HostName
host-17,HostName
hostname_18,HostName
host_name19,HostName
myHost-20,HostName
21st_host_name,HostName
host_name-22,HostName
server_23,HostName
24_host_name,HostName
host-25,HostName
hostname_26,HostName
host_name27,HostName
myHost-28,HostName
29th_host_name,HostName
host_name-30,HostName
server_31,HostName
32_host_name,HostName
host-33,HostName
hostname_34,HostName
host_name35,HostName
myHost-36,HostName
37th_host_name,HostName
host_name-38,HostName
server_39,HostName
40_host_name,HostName
host-41,HostName
hostname_42,HostName
host_name43,HostName
myHost-44,HostName
45th_host_name,HostName
host_name-46,HostName
server_47,HostName
48_host_name,HostName
host-49,HostName
hostname_50,HostName
12743,Integer
"876,052",Integer
39420,Integer
"52,418",Integer
"9,263",Integer
"602,746",Integer
"194,832",Integer
"8,392",Integer
"845,376",Integer
"23,103",Integer
"304,621",Integer
"2,109",Integer
"39,172",Integer
"79,042",Integer
"453,289",Integer
"58,260",Integer
"370,569",Integer
"189,246",Integer
"504,281",Integer
"4,139",Integer
"154,823",Integer
"873,692",Integer
"533,924",Integer
"73,012",Integer
"12,808",Integer
"134,920",Integer
"839,538",Integer
"421,094",Integer
"27,239",Integer
"604,751",Integer
"94,466",Integer
"68,397",Integer
"785,462",Integer
"45,909",Integer
"393,825",Integer
"521,469",Integer
"38,413",Integer
"3,472",Integer
"974,129",Integer
"318,617",Integer
"790,042",Integer
"72,893",Integer
"283,647",Integer
"85,471",Integer
"901,379",Integer
"6,982",Integer
"428,359",Integer
"24,897",Integer
"682,147",Integer
"14,709",Integer
95753.82,Real
92814.06,Real
608927.19,Real
421037.05,Real
4628.72,Real
759104.45,Real
176055.23,Real
7732.41,Real
682097.58,Real
423531.39,Real
356219.37,Real
179521.28,Real
65793.15,Real
82184.78,Real
915382.99,Real
716803.99,Real
780530.61,Real
626927.57,Real
528384.93,Real
850002.54,Real
18295.19,Real
432208.95,Real
332913.56,Real
96813.34,Real
437635.86,Real
412725.75,Real
110023.71,Real
754038.76,Real
145899.22,Real
1665.72,Real
317798.09,Real
199721.88,Real
57058.04,Real
651986.03,Real
896487.56,Real
17635.99,Real
15958.72,Real
835148.89,Real
667640.43,Real
446881.49,Real
35206.81,Real
521928.04,Real
408220.13,Real
269754.33,Real
92711.59,Real
17237.66,Real
736943.77,Real
190002.76,Real
538863.21,Real
478547.11,Real
391972.70,Real
"January 14, 2023",Date
07/22/2024,Date
10th April 2025,Date
2026-11-30,Date
"March 05, 2027",Date
12/16/2028,Date
26th February 2029,Date
2030-09-23,Date
"August 08, 2031",Date
01/12/2032,Date
November 23rd 2033,Date
2034-06-09,Date
"February 14, 2035",Date
05/18/2036,Date
June 30th 2037,Date
2038-03-13,Date
"September 19, 2039",Date
02/02/2040,Date
July 25th 2041,Date
2042-12-29,Date
"April 03, 2043",Date
09/06/2044,Date
11th January 2045,Date
2046-08-17,Date
"May 11, 2047",Date
07/15/2048,Date
October 24th 2049,Date
2050-05-28,Date
"December 20, 2051",Date
04/23/2052,Date
03rd November 2053,Date
2054-10-03,Date
"January 09, 2055",Date
08/13/2056,Date
September 26th 2057,Date
2058-04-07,Date
"February 28, 2059",Date
12/01/2060,Date
September 11th 2061,Date
2062-06-25,Date
"March 18, 2063",Date
09/20/2064,Date
July 07th 2065,Date
2066-02-12,Date
"November 05, 2067",Date
06/09/2068,Date
22nd December 2069,Date
2070-07-26,Date
"May 14, 2071",Date
09/17/2072,Date
08:34 AM,Time
01:57 PM,Time
10:22 AM,Time
23:49 PM,Time
04:15 AM,Time
11:36 PM,Time
06:49 AM,Time
14:58 PM,Time
09:07 AM,Time
12:46 PM,Time
18:53 PM,Time
03:17 AM,Time
07:59 AM,Time
16:02 PM,Time
05:25 AM,Time
13:44 PM,Time
08:18 AM,Time
17:23 PM,Time
02:50 AM,Time
09:36 PM,Time
11:58 AM,Time
21:07 PM,Time
02:39 AM,Time
10:55 AM,Time
19:21 PM,Time
00:04 AM,Time
08:30 AM,Time
15:58 PM,Time
07:11 AM,Time
16:22 PM,Time
04:50 AM,Time
12:12 PM,Time
23:29 PM,Time
06:05 AM,Time
14:39 PM,Time
10:09 AM,Time
21:25 PM,Time
01:33 AM,Time
09:51 AM,Time
18:12 PM,Time
04:29 AM,Time
11:54 AM,Time
20:25 PM,Time
02:32 AM,Time
08:59 AM,Time
17:18 PM,Time
03:47 AM,Time
11:25 AM,Time
22:04 PM,Time
00:37 AM,Time
!,Punctuation
**,Punctuation
...,Punctuation
",",Punctuation
;,Punctuation
?,Punctuation
',Punctuation
"""",Punctuation
_,Punctuation
-,Punctuation
+,Punctuation
=,Punctuation
>,Punctuation
<,Punctuation
(,Punctuation
),Punctuation
[,Punctuation
],Punctuation
{,Punctuation
},Punctuation
@,Punctuation
#,Punctuation
$,Punctuation
%,Punctuation
&,Punctuation
*,Punctuation
/,Punctuation
\,Punctuation
|,Punctuation
~,Punctuation
^,Punctuation
`,Punctuation
¡,Punctuation
¢,Punctuation
£,Punctuation
¤,Punctuation
¥,Punctuation
¦,Punctuation
¨,Punctuation
©,Punctuation
ª,Punctuation
®,Punctuation
¯,Punctuation
apple,Word
dog,Word
car,Word
book,Word
tree,Word
house,Word
sun,Word
cat,Word
rain,Word
bird,Word
flower,Word
coffee,Word
moon,Word
music,Word
love,Word
friend,Word
city,Word
sky,Word
ocean,Word
beach,Word
mountain,Word
star,Word
dream,Word
smile,Word
hope,Word
time,Word
happy,Word
school,Word
money,Word
health,Word
family,Word
food,Word
work,Word
game,Word
baby,Word
dance,Word
water,Word
night,Word
fire,Word
green,Word
purple,Word
joy,Word
peace,Word
travels,Word
bird,Word
butterfly,Word
sunset,Word
breeze,Word
laugh,Word
holiday,Word
zinglet,Nonsense
flibberboop,Nonsense
snogglewoo,Nonsense
wobbleflop,Nonsense
doodleblitz,Nonsense
fuzzlebump,Nonsense
snickerdoodle,Nonsense
wigglesnatch,Nonsense
jibberwack,Nonsense
zibberflap,Nonsense
gibbermunk,Nonsense
quibblesnatch,Nonsense
zippityzop,Nonsense
snicklefritz,Nonsense
noodlebop,Nonsense
wifflewhop,Nonsense
dibblebop,Nonsense
flibberflap,Nonsense
squibblebop,Nonsense
jibberjab,Nonsense
wobbleflap,Nonsense
shibberwoop,Nonsense
noodleblab,Nonsense
frazzleblitz,Nonsense
zibberdoodle,Nonsense
blibberflop,Nonsense
wobbleblitz,Nonsense
snickerdop,Nonsense
gibberflap,Nonsense
quibblemunk,Nonsense
zippityzip,Nonsense
snicklejib,Nonsense
noodlewhop,Nonsense
wiffleblitz,Nonsense
squibberwop,Nonsense
jibbermop,Nonsense
wobblewhop,Nonsense
shibberdop,Nonsense
snootleblap,Nonsense
drazzleflop,Nonsense
zibberjib,Nonsense
flibberwhop,Nonsense
wobbleboop,Nonsense
snickerblup,Nonsense
gibberrap,Nonsense
jibberzop,Nonsense
wobblemop,Nonsense
flibberzoop,Nonsense
shibberjib,Nonsense
bz,RandomChars
fge,RandomChars
plj,RandomChars
fvr,RandomChars
th,RandomChars
qb,RandomChars
m,RandomChars
p,RandomChars
ts,RandomChars
ghd,RandomChars
v,RandomChars
po,RandomChars
lra,RandomChars
jzv,RandomChars
sbwc,RandomChars
xbpx,RandomChars
kn,RandomChars
vwr,RandomChars
zyo,RandomChars
ycfi,RandomChars
kq,RandomChars
s,RandomChars
pj,RandomChars
jj,RandomChars
pta,RandomChars
gai,RandomChars
fp,RandomChars
scq,RandomChars
z,RandomChars
fyy,RandomChars
qeij,RandomChars
vfj,RandomChars
ir,RandomChars
i,RandomChars
gn,RandomChars
hb,RandomChars
y,RandomChars
t,RandomChars
ku,RandomChars
yv,RandomChars
tcnq,RandomChars
f,RandomChars
j,RandomChars
bup,RandomChars
hwd,RandomChars
ic,RandomChars
h,RandomChars
e,RandomChars
yzp,RandomChars
o,RandomChars
c,RandomChars
192.168.0.1,IPAddr
10.0.0.1,IPAddr
172.16.0.1,IPAddr
192.168.1.1,IPAddr
192.168.2.1,IPAddr
10.0.0.2,IPAddr
172.16.0.2,IPAddr
192.168.0.2,IPAddr
192.168.2.2,IPAddr
10.0.0.3,IPAddr
172.16.0.3,IPAddr
192.168.0.3,IPAddr
192.168.2.3,IPAddr
10.0.0.4,IPAddr
172.16.0.4,IPAddr
192.168.0.4,IPAddr
192.168.2.4,IPAddr
10.0.0.5,IPAddr
172.16.0.5,IPAddr
192.168.0.5,IPAddr
192.168.2.5,IPAddr
10.0.0.6,IPAddr
172.16.0.6,IPAddr
192.168.0.6,IPAddr
192.168.2.6,IPAddr
10.0.0.7,IPAddr
172.16.0.7,IPAddr
192.168.0.7,IPAddr
192.168.2.7,IPAddr
10.0.0.8,IPAddr
172.16.0.8,IPAddr
192.168.0.8,IPAddr
192.168.2.8,IPAddr
10.0.0.9,IPAddr
172.16.0.9,IPAddr
192.168.0.9,IPAddr
192.168.2.9,IPAddr
10.0.0.10,IPAddr
172.16.0.10,IPAddr
192.168.0.10,IPAddr
192.168.2.10,IPAddr
10.0.0.11,IPAddr
172.16.0.11,IPAddr
192.168.0.11,IPAddr
192.168.2.11,IPAddr
10.0.0.12,IPAddr
172.16.0.12,IPAddr
192.168.0.12,IPAddr
192.168.2.12,IPAddr
Mila,Name
Elijah,Name
Ava,Name
Noah,Name
Isabella,Name
Oliver,Name
Sophia,Name
Liam,Name
Charlotte,Name
Amelia,Name
William,Name
Harper,Name
James,Name
Scarlett,Name
Henry,Name
Victoria,Name
Lucas,Name
Madison,Name
Evelyn,Name
Benjamin,Name
Aria,Name
David,Name
Abigail,Name
Logan,Name
Emily,Name
Olivia,Name
Samuel,Name
Elizabeth,Name
Michael,Name
Mila,Name
Daniel,Name
Grace,Name
Ella,Name
Sofia,Name
Emma,Name
Jacob,Name
Avery,Name
Mason,Name
Lily,Name
Nathan,Name
Zoe,Name
Joshua,Name
Chloe,Name
Mia,Name
Ethan,Name
Hannah,Name
Sarah,Name
Matthew,Name
Landon,Name
Aiden,Name
host_name_1,HostName
myHost-2,HostName
3rd_hostname,HostName
host_name_4,HostName
host-5,HostName
server6,HostName
7_host_name,HostName
host_8-9,HostName
hostname10,HostName
host_name_11,HostName
myHost-12,HostName
13th_host_name,HostName
host_name-14,HostName
server_15,HostName
16_host_name,HostName
host-17,HostName
hostname_18,HostName
host_name19,HostName
myHost-20,HostName
21st_host_name,HostName
host_name-22,HostName
server_23,HostName
24_host_name,HostName
host-25,HostName
hostname_26,HostName
host_name27,HostName
myHost-28,HostName
29th_host_name,HostName
host_name-30,HostName
server_31,HostName
32_host_name,HostName
host-33,HostName
hostname_34,HostName
host_name35,HostName
myHost-36,HostName
37th_host_name,HostName
host_name-38,HostName
server_39,HostName
40_host_name,HostName
host-41,HostName
hostname_42,HostName
host_name43,HostName
myHost-44,HostName
45th_host_name,HostName
host_name-46,HostName
server_47,HostName
48_host_name,HostName
host-49,HostName
hostname_50,HostName
239624,Integer
"604,897",Integer
7234,Integer
"81,357",Integer
"426,835",Integer
"9,326",Integer
"754,712",Integer
"836,402",Integer
"69,827",Integer
"172,592",Integer
"256,913",Integer
"17,954",Integer
"926,315",Integer
"40,321",Integer
"815,947",Integer
"292,648",Integer
"630,904",Integer
"195,726",Integer
"672,804",Integer
"3,791",Integer
"751,687",Integer
"528,943",Integer
"988,685",Integer
"409,127",Integer
"50,328",Integer
"969,114",Integer
"834,120",Integer
"335,786",Integer
"961,478",Integer
"774,680",Integer
"263,459",Integer
"463,891",Integer
"723,645",Integer
"471,803",Integer
"524,650",Integer
"79,415",Integer
"237,861",Integer
"647,213",Integer
"941,726",Integer
"502,319",Integer
"926,748",Integer
"759,263",Integer
"162,939",Integer
"274,501",Integer
"743,108",Integer
"169,432",Integer
"694,321",Integer
"254,486",Integer
"640,923",Integer
"839,217",Integer
"297,365",Integer
"352,548.26",Real
"17,293.09",Real
"628,105.71",Real
"423,976.84",Real
"3,752.50",Real
"243,891.48",Real
"621,483.90",Real
"19,768.02",Real
"725,930.76",Real
"83,417.38",Real
"901,354.32",Real
"4,938.16",Real
"679,321.12",Real
"58,729.01",Real
"945,603.25",Real
"318,236.44",Real
"620,842.79",Real
"162,905.65",Real
"876,936.88",Real
"6,302.71",Real
"399,572.94",Real
"782,948.37",Real
"990,368.26",Real
"409,845.91",Real
"83,294.02",Real
"937,621.89",Real
"818,430.76",Real
"304,681.39",Real
"953,206.32",Real
"779,605.41",Real
"645,819.87",Real
"246,183.92",Real
"469,831.27",Real
"731,689.49",Real
"476,603.71",Real
"529,170.15",Real
"8,945.42",Real
"235,194.50",Real
"641,290.24",Real
"929,736.55",Real
"508,342.92",Real
"924,307.64",Real
"755,906.20",Real
"166,830.29",Real
"277,402.75",Real
"741,629.83",Real
"281,543.60",Real
"642,501.98",Real
"830,927.15",Real
"298,317.42",Real
"January 14, 2023",Date
07/22/2024,Date
10th April 2025,Date
2026-11-30,Date
"March 05, 2027",Date
12/16/2028,Date
26th February 2029,Date
2030-09-23,Date
"August 08, 2031",Date
01/12/2032,Date
November 23rd 2033,Date
2034-06-09,Date
"February 14, 2035",Date
05/18/2036,Date
June 30th 2037,Date
2038-03-13,Date
"September 19, 2039",Date
02/02/2040,Date
July 25th 2041,Date
2042-12-29,Date
"April 03, 2043",Date
09/06/2044,Date
11th January 2045,Date
2046-08-17,Date
"May 11, 2047",Date
07/15/2048,Date
October 24th 2049,Date
2050-05-28,Date
"December 20, 2051",Date
04/23/2052,Date
03rd November 2053,Date
2054-10-03,Date
"January 09, 2055",Date
08/13/2056,Date
September 26th 2057,Date
2058-04-07,Date
"February 28, 2059",Date
12/01/2060,Date
September 11th 2061,Date
2062-06-25,Date
"March 18, 2063",Date
09/20/2064,Date
July 07th 2065,Date
2066-02-12,Date
"November 05, 2067",Date
06/09/2068,Date
22nd December 2069,Date
2070-07-26,Date
"May 14, 2071",Date
09/17/2072,Date
08:34 AM,Time
01:57 PM,Time
10:22 AM,Time
23:49 PM,Time
04:15 AM,Time
11:36 PM,Time
06:49 AM,Time
14:58 PM,Time
09:07 AM,Time
12:46 PM,Time
18:53 PM,Time
03:17 AM,Time
07:59 AM,Time
16:02 PM,Time
05:25 AM,Time
13:44 PM,Time
08:18 AM,Time
17:23 PM,Time
02:50 AM,Time
09:36 PM,Time
11:58 AM,Time
21:07 PM,Time
02:39 AM,Time
10:55 AM,Time
19:21 PM,Time
00:04 AM,Time
08:30 AM,Time
15:58 PM,Time
07:11 AM,Time
16:22 PM,Time
04:50 AM,Time
12:12 PM,Time
23:29 PM,Time
06:05 AM,Time
14:39 PM,Time
10:09 AM,Time
21:25 PM,Time
01:33 AM,Time
09:51 AM,Time
18:12 PM,Time
04:29 AM,Time
11:54 AM,Time
20:25 PM,Time
02:32 AM,Time
08:59 AM,Time
17:18 PM,Time
03:47 AM,Time
11:25 AM,Time
22:04 PM,Time
00:37 AM,Time
!,Punctuation
**,Punctuation
...,Punctuation
",",Punctuation
;,Punctuation
?,Punctuation
',Punctuation
"""",Punctuation
_,Punctuation
-,Punctuation
+,Punctuation
=,Punctuation
>,Punctuation
<,Punctuation
(,Punctuation
),Punctuation
[,Punctuation
],Punctuation
{,Punctuation
},Punctuation
@,Punctuation
#,Punctuation
$,Punctuation
%,Punctuation
&,Punctuation
*,Punctuation
/,Punctuation
\,Punctuation
|,Punctuation
~,Punctuation
^,Punctuation
`,Punctuation
¡,Punctuation
¢,Punctuation
£,Punctuation
¤,Punctuation
¥,Punctuation
¦,Punctuation
¨,Punctuation
©,Punctuation
ª,Punctuation
®,Punctuation
¯,Punctuation
apple,Word
dog,Word
car,Word
book,Word
tree,Word
house,Word
sun,Word
cat,Word
rain,Word
bird,Word
flower,Word
coffee,Word
moon,Word
music,Word
love,Word
friend,Word
city,Word
sky,Word
ocean,Word
beach,Word
mountain,Word
star,Word
dream,Word
smile,Word
hope,Word
time,Word
happy,Word
school,Word
money,Word
health,Word
family,Word
food,Word
work,Word
game,Word
baby,Word
dance,Word
water,Word
night,Word
fire,Word
green,Word
purple,Word
joy,Word
peace,Word
travels,Word
bird,Word
butterfly,Word
sunset,Word
breeze,Word
laugh,Word
holiday,Word
zinglet,Nonsense
flibberboop,Nonsense
snogglewoo,Nonsense
wobbleflop,Nonsense
doodleblitz,Nonsense
fuzzlebump,Nonsense
snickerdoodle,Nonsense
wigglesnatch,Nonsense
jibberwack,Nonsense
zibberflap,Nonsense
gibbermunk,Nonsense
quibblesnatch,Nonsense
zippityzop,Nonsense
snicklefritz,Nonsense
noodlebop,Nonsense
wifflewhop,Nonsense
dibblebop,Nonsense
flibberflap,Nonsense
squibblebop,Nonsense
jibberjab,Nonsense
wobbleflap,Nonsense
shibberwoop,Nonsense
noodleblab,Nonsense
frazzleblitz,Nonsense
zibberdoodle,Nonsense
blibberflop,Nonsense
wobbleblitz,Nonsense
snickerdop,Nonsense
gibberflap,Nonsense
quibblemunk,Nonsense
zippityzip,Nonsense
snicklejib,Nonsense
noodlewhop,Nonsense
wiffleblitz,Nonsense
squibberwop,Nonsense
jibbermop,Nonsense
wobblewhop,Nonsense
shibberdop,Nonsense
snootleblap,Nonsense
drazzleflop,Nonsense
zibberjib,Nonsense
flibberwhop,Nonsense
wobbleboop,Nonsense
snickerblup,Nonsense
gibberrap,Nonsense
jibberzop,Nonsense
wobblemop,Nonsense
flibberzoop,Nonsense
shibberjib,Nonsense
bz,RandomChars
fge,RandomChars
plj,RandomChars
fvr,RandomChars
th,RandomChars
qb,RandomChars
m,RandomChars
p,RandomChars
ts,RandomChars
ghd,RandomChars
v,RandomChars
po,RandomChars
lra,RandomChars
jzv,RandomChars
sbwc,RandomChars
xbpx,RandomChars
kn,RandomChars
vwr,RandomChars
zyo,RandomChars
ycfi,RandomChars
kq,RandomChars
s,RandomChars
pj,RandomChars
jj,RandomChars
pta,RandomChars
gai,RandomChars
fp,RandomChars
scq,RandomChars
z,RandomChars
fyy,RandomChars
qeij,RandomChars
vfj,RandomChars
ir,RandomChars
i,RandomChars
gn,RandomChars
hb,RandomChars
y,RandomChars
t,RandomChars
ku,RandomChars
yv,RandomChars
tcnq,RandomChars
f,RandomChars
j,RandomChars
bup,RandomChars
hwd,RandomChars
ic,RandomChars
h,RandomChars
e,RandomChars
yzp,RandomChars
o,RandomChars
c,RandomChars
192.168.0.1,IPAddr
10.0.0.1,IPAddr
172.16.0.1,IPAddr
192.168.1.1,IPAddr
192.168.2.1,IPAddr
10.0.0.2,IPAddr
172.16.0.2,IPAddr
192.168.0.2,IPAddr
192.168.2.2,IPAddr
10.0.0.3,IPAddr
172.16.0.3,IPAddr
192.168.0.3,IPAddr
192.168.2.3,IPAddr
10.0.0.4,IPAddr
172.16.0.4,IPAddr
192.168.0.4,IPAddr
192.168.2.4,IPAddr
10.0.0.5,IPAddr
172.16.0.5,IPAddr
192.168.0.5,IPAddr
192.168.2.5,IPAddr
10.0.0.6,IPAddr
172.16.0.6,IPAddr
192.168.0.6,IPAddr
192.168.2.6,IPAddr
10.0.0.7,IPAddr
172.16.0.7,IPAddr
192.168.0.7,IPAddr
192.168.2.7,IPAddr
10.0.0.8,IPAddr
172.16.0.8,IPAddr
192.168.0.8,IPAddr
192.168.2.8,IPAddr
10.0.0.9,IPAddr
172.16.0.9,IPAddr
192.168.0.9,IPAddr
192.168.2.9,IPAddr
10.0.0.10,IPAddr
172.16.0.10,IPAddr
192.168.0.10,IPAddr
192.168.2.10,IPAddr
Emma,Name
Noah,Name
Olivia,Name
Liam,Name
Ava,Name
Isabella,Name
Sophia,Name
Mia,Name
Charlotte,Name
Amelia,Name
Harper,Name
Evelyn,Name
Abigail,Name
Emily,Name
Elizabeth,Name
Mila,Name
Ella,Name
Avery,Name
Sofia,Name
Camila,Name
Aria,Name
Scarlett,Name
Victoria,Name
Madison,Name
Luna,Name
Grace,Name
Chloe,Name
Penelope,Name
Layla,Name
Riley,Name
Zoey,Name
Nora,Name
Lily,Name
Eleanor,Name
Hannah,Name
Lillian,Name
Addison,Name
Aubrey,Name
Ellie,Name
Stella,Name
Natalie,Name
Zoe,Name
Leah,Name
Hazel,Name
Violet,Name
Aurora,Name
Savannah,Name
Audrey,Name
Brooklyn,Name
Bella,Name
host_1,HostName
myHost-2,HostName
3rd_hostname,HostName
host_name_4,HostName
host-5,HostName
server6,HostName
7_host_name,HostName
host_8-9,HostName
hostname10,HostName
host_name11,HostName
myHost-12,HostName
13th_host-name,HostName
host_name14,HostName
server_15,HostName
16_host_name,HostName
host-17,HostName
hostname_18,HostName
host_name19,HostName
myHost-20,HostName
21st_host_name,HostName
host_name-22,HostName
server23,HostName
24_host_name,HostName
host-25,HostName
hostname_26,HostName
host_name27,HostName
myHost-28,HostName
29th_host-name,HostName
host_name30,HostName
server_31,HostName
32_host_name,HostName
host-33,HostName
hostname_34,HostName
host_name35,HostName
myHost-36,HostName
37th_host-name,HostName
host_name38,HostName
server_39,HostName
40_host_name,HostName
host-41,HostName
hostname_42,HostName
host_name43,HostName
myHost-44,HostName
45th_host-name,HostName
host_name46,HostName
server_47,HostName
48_host_name,HostName
host-49,HostName
hostname_50,HostName
27,Integer
"163,849",Integer
4,Integer
"62,184",Integer
"9,273",Integer
"198,376",Integer
"194,832",Integer
"8,392",Integer
"938,738",Integer
"23,103",Integer
"304,621",Integer
"2,109",Integer
"391,729",Integer
"79,042",Integer
"98,238",Integer
"58,260",Integer
"673,905",Integer
"189,246",Integer
"504,281",Integer
"4,139",Integer
"855,481",Integer
"73,012",Integer
"12,808",Integer
"134,920",Integer
"839,538",Integer
"421,094",Integer
"27,239",Integer
"6,756",Integer
"233,498",Integer
"27,395",Integer
"604,751",Integer
"1,901",Integer
"68,397",Integer
"785,462",Integer
"45,901",Integer
"393,825",Integer
"521,469",Integer
"38,413",Integer
"3,472",Integer
"974,129",Integer
"318,617",Integer
"790,042",Integer
"72,893",Integer
"283,647",Integer
"85,471",Integer
"901,379",Integer
"6,982",Integer
"428,359",Integer
"24,897",Integer
"682,147",Integer
"14,709",Integer
12743.54,Real
"876,052.27",Real
39420.11,Real
"52,418.63",Real
"9,263.98",Real
"602,746.72",Real
"194,832.45",Real
"8,392.99",Real
"845,376.82",Real
"23,103.21",Real
"304,621.58",Real
"2,109.39",Real
"39,172.76",Real
"79,042.59",Real
"453,289.33",Real
"58,260.14",Real
"370,569.91",Real
"189,246.28",Real
"504,281.65",Real
"4,139.78",Real
"154,823.24",Real
"873,692.57",Real
"533,924.80",Real
"73,012.17",Real
"12,808.45",Real
"134,920.89",Real
"839,538.12",Real
"421,094.37",Real
"27,239.71",Real
"604,751.84",Real
"94,466.26",Real
"68,397.63",Real
"785,462.99",Real
"45,909.10",Real
"393,825.47",Real
"521,469.74",Real
"38,413.17",Real
"3,472.98",Real
"974,129.63",Real
"318,617.26",Real
"790,042.91",Real
"72,893.58",Real
"283,647.94",Real
"85,471.22",Real
"901,379.75",Real
"6,982.32",Real
"428,359.69",Real
"24,897.47",Real
"682,147.60",Real
"14,709.86",Real
"January 14, 2023",Date
07/22/2024,Date
10th April 2025,Date
2026-11-30,Date
"March 05, 2027",Date
12/16/2028,Date
26th February 2029,Date
2030-09-23,Date
"August 08, 2031",Date
01/12/2032,Date
November 23rd 2033,Date
2034-06-09,Date
"February 14, 2035",Date
05/18/2036,Date
June 30th 2037,Date
2038-03-13,Date
"September 19, 2039",Date
02/02/2040,Date
July 25th 2041,Date
2042-12-29,Date
"April 03, 2043",Date
09/06/2044,Date
11th January 2045,Date
2046-08-17,Date
"May 11, 2047",Date
07/15/2048,Date
October 24th 2049,Date
2050-05-28,Date
"December 20, 2051",Date
04/23/2052,Date
03rd November 2053,Date
2054-10-03,Date
"January 09, 2055",Date
08/13/2056,Date
September 26th 2057,Date
2058-04-07,Date
"February 28, 2059",Date
12/01/2060,Date
September 11th 2061,Date
2062-06-25,Date
"March 18, 2063",Date
09/20/2064,Date
July 07th 2065,Date
2066-02-12,Date
"November 05, 2067",Date
06/09/2068,Date
22nd December 2069,Date
2070-07-26,Date
"May 14, 2071",Date
09/17/2072,Date
08:34 AM,Time
01:57 PM,Time
10:22 AM,Time
23:49 PM,Time
04:15 AM,Time
11:36 PM,Time
06:49 AM,Time
14:58 PM,Time
09:07 AM,Time
12:46 PM,Time
18:53 PM,Time
03:17 AM,Time
07:59 AM,Time
16:02 PM,Time
05:25 AM,Time
13:44 PM,Time
08:18 AM,Time
17:23 PM,Time
02:50 AM,Time
09:36 PM,Time
11:58 AM,Time
21:07 PM,Time
02:39 AM,Time
10:55 AM,Time
19:21 PM,Time
00:04 AM,Time
08:30 AM,Time
15:58 PM,Time
07:11 AM,Time
16:22 PM,Time
04:50 AM,Time
12:12 PM,Time
23:29 PM,Time
06:05 AM,Time
14:39 PM,Time
10:09 AM,Time
21:25 PM,Time
01:33 AM,Time
09:51 AM,Time
18:12 PM,Time
04:29 AM,Time
11:54 AM,Time
20:25 PM,Time
02:32 AM,Time
08:59 AM,Time
17:18 PM,Time
03:47 AM,Time
11:25 AM,Time
22:04 PM,Time
00:37 AM,Time
!,Punctuation
**,Punctuation
...,Punctuation
",",Punctuation
;,Punctuation
?,Punctuation
',Punctuation
"""",Punctuation
_,Punctuation
-,Punctuation
+,Punctuation
=,Punctuation
>,Punctuation
<,Punctuation
(,Punctuation
),Punctuation
[,Punctuation
],Punctuation
{,Punctuation
},Punctuation
@,Punctuation
#,Punctuation
$,Punctuation
%,Punctuation
&,Punctuation
*,Punctuation
/,Punctuation
\,Punctuation
|,Punctuation
~,Punctuation
^,Punctuation
`,Punctuation
¡,Punctuation
¢,Punctuation
£,Punctuation
¤,Punctuation
¥,Punctuation
¦,Punctuation
¨,Punctuation
©,Punctuation
ª,Punctuation
®,Punctuation
¯,Punctuation
apple,Word
orange,Word
banana,Word
tree,Word
house,Word
cat,Word
dog,Word
music,Word
flower,Word
sun,Word
star,Word
moon,Word
cloud,Word
rain,Word
fire,Word
water,Word
beach,Word
ocean,Word
mountain,Word
sky,Word
bird,Word
bird,Word
love,Word
happy,Word
sad,Word
laugh,Word
smile,Word
hope,Word
friend,Word
family,Word
city,Word
coffee,Word
book,Word
school,Word
money,Word
work,Word
game,Word
green,Word
purple,Word
joy,Word
peace,Word
fantasy,Word
travels,Word
holiday,Word
history,Word
adventure,Word
magic,Word
butterfly,Word
sunset,Word
breeze,Word
chocolate,Word
laughter,Word
happiness,Word
success,Word
dream,Word
inspiration,Word
bizmo,Nonsense
flibbermop,Nonsense
snazzleblip,Nonsense
quibberflap,Nonsense
zooflam,Nonsense
doodleblat,Nonsense
zibberdingle,Nonsense
wobblefloop,Nonsense
snickerdop,Nonsense
fuzzleblip,Nonsense
jibberwack,Nonsense
noodlefizz,Nonsense
wazzleblat,Nonsense
gibbermuddle,Nonsense
quinzop,Nonsense
snaffledit,Nonsense
wobblewhack,Nonsense
skiddlyflip,Nonsense
jazzlebarb,Nonsense
doodlewhoop,Nonsense
razzledoodle,Nonsense
fizzlesnip,Nonsense
wibberflap,Nonsense
zappledink,Nonsense
quibbermop,Nonsense
ziggledoodle,Nonsense
zobblewhip,Nonsense
skiddlydop,Nonsense
frazzleflap,Nonsense
quizzleplop,Nonsense
snibberfizz,Nonsense
jazzleflib,Nonsense
wibberwhap,Nonsense
dozzledop,Nonsense
zibberflib,Nonsense
bz,RandomChars
fge,RandomChars
plj,RandomChars
qdr,RandomChars
th,RandomChars
qb,RandomChars
m,RandomChars
p,RandomChars
ts,RandomChars
ghd,RandomChars
v,RandomChars
po,RandomChars
lra,RandomChars
jzv,RandomChars
sbwc,RandomChars
xbpx,RandomChars
kn,RandomChars
vwr,RandomChars
zyok,RandomChars
ycfi,RandomChars
kq,RandomChars
s,RandomChars
pj,RandomChars
jj,RandomChars
pta,RandomChars
gai,RandomChars
fp,RandomChars
scq,RandomChars
z,RandomChars
fyy,RandomChars
qeij,RandomChars
vfj,RandomChars
ir,RandomChars
i,RandomChars
gn,RandomChars
hb,RandomChars
y,RandomChars
t,RandomChars
ku,RandomChars
yv,RandomChars
tcnq,RandomChars
f,RandomChars
j,RandomChars
bup,RandomChars
hwd,RandomChars
ic,RandomChars
h,RandomChars
e,RandomChars
yzy,RandomChars
o,RandomChars
c,RandomChars
192.168.0.1,IPAddr
10.0.0.1,IPAddr
172.16.0.1,IPAddr
192.168.1.1,IPAddr
192.168.2.1,IPAddr
10.0.0.2,IPAddr
172.16.0.2,IPAddr
192.168.0.2,IPAddr
192.168.2.2,IPAddr
10.0.0.3,IPAddr
172.16.0.3,IPAddr
192.168.0.3,IPAddr
192.168.2.3,IPAddr
10.0.0.4,IPAddr
172.16.0.4,IPAddr
192.168.0.4,IPAddr
192.168.2.4,IPAddr
10.0.0.5,IPAddr
172.16.0.5,IPAddr
192.168.0.5,IPAddr
192.168.2.5,IPAddr
10.0.0.6,IPAddr
172.16.0.6,IPAddr
192.168.0.6,IPAddr
192.168.2.6,IPAddr
Ella,Name
Noah,Name
Grace,Name
Liam,Name
Sofia,Name
Jacob,Name
Zoe,Name
Aiden,Name
Victoria,Name
Carter,Name
Stella,Name
Grayson,Name
Amelia,Name
Levi,Name
Nora,Name
Mila,Name
James,Name
Avery,Name
Lucas,Name
Harper,Name
Henry,Name
Evelyn,Name
Owen,Name
Alice,Name
Mason,Name
Scarlett,Name
Elena,Name
Maisie,Name
Gavin,Name
Luna,Name
Hudson,Name
Ruby,Name
Isaac,Name
Nova,Name
Isla,Name
Elliot,Name
Zara,Name
Blake,Name
Emilia,Name
Sebastian,Name
Ivy,Name
Austin,Name
host_name_1,HostName
myHost-2,HostName
3rd_hostname,HostName
host_name_4,HostName
host-5,HostName
server6,HostName
7_host_name,HostName
host_8-9,HostName
hostname10,HostName
host_name_11,HostName
myHost-12,HostName
13th_host_name,HostName
host_name-14,HostName
server_15,HostName
16_host_name,HostName
host-17,HostName
hostname_18,HostName
host_name19,HostName
myHost-20,HostName
21st_host_name,HostName
host_name-22,HostName
server_23,HostName
24_host_name,HostName
host-25,HostName
hostname_26,HostName
host_name27,HostName
myHost-28,HostName
29th_host_name,HostName
host_name-30,HostName
server_31,HostName
32_host_name,HostName
host-33,HostName
hostname_34,HostName
host_name35,HostName
myHost-36,HostName
37th_host_name,HostName
host_name-38,HostName
server_39,HostName
40_host_name,HostName
host-41,HostName
hostname_42,HostName
host_name43,HostName
myHost-44,HostName
45th_host_name,HostName
host_name-46,HostName
server_47,HostName
48_host_name,HostName
host-49,HostName
hostname_50,HostName
15324,Integer
"321,478",Integer
9207,Integer
"42,183",Integer
956,Integer
"719,629",Integer
"826,084",Integer
"44,289",Integer
"536,174",Integer
"209,485",Integer
"777,082",Integer
"64,392",Integer
"401,238",Integer
"790,741",Integer
"582,601",Integer
"9,724",Integer
"713,894",Integer
"550,982",Integer
"47,236",Integer
"12,354",Integer
"932,819",Integer
"784,652",Integer
"893,257",Integer
"22,374",Integer
"573,901",Integer
"377,109",Integer
"425,936",Integer
"627,594",Integer
"927,140",Integer
"659,801",Integer
"98,635",Integer
"791,468",Integer
"561,092",Integer
"37,128.67",Real
"731,847.92",Real
"6,923.15",Real
"421,846.39",Real
"82,537.02",Real
"517,629.41",Real
"927,484.02",Real
"179,503.86",Real
"653,291.24",Real
"42,828.97",Real
"94,728.69",Real
"762,910.53",Real
"621,583.76",Real
"289,173.47",Real
"938,562.24",Real
"51,729.81",Real
"391,072.16",Real
"16,239.70",Real
"824,763.41",Real
"306,792.94",Real
"692,134.30",Real
"128,954.59",Real
"935,728.04",Real
"678,435.18",Real
"452,384.80",Real
"862,471.36",Real
"183,642.15",Real
"526,710.92",Real
"968,324.11",Real
"739,285.14",Real
"374,691.39",Real
"810,329.77",Real
"572,913.25",Real
"926,508.64",Real
"359,714.28",Real
"January 14, 2023",Date
07/22/2024,Date
10th April 2025,Date
2026-11-30,Date
"March 05, 2027",Date
12/16/2028,Date
26th February 2029,Date
2030-09-23,Date
"August 08, 2031",Date
01/12/2032,Date
November 23rd 2033,Date
2034-06-09,Date
"February 14, 2035",Date
05/18/2036,Date
June 30th 2037,Date
2038-03-13,Date
"September 19, 2039",Date
02/02/2040,Date
July 25th 2041,Date
2042-12-29,Date
"April 03, 2043",Date
09/06/2044,Date
11th January 2045,Date
2046-08-17,Date
"May 11, 2047",Date
07/15/2048,Date
October 24th 2049,Date
2050-05-28,Date
"December 20, 2051",Date
04/23/2052,Date
03rd November 2053,Date
2054-10-03,Date
"January 09, 2055",Date
08/13/2056,Date
September 26th 2057,Date
2058-04-07,Date
"February 28, 2059",Date
12/01/2060,Date
September 11th 2061,Date
2062-06-25,Date
"March 18, 2063",Date
09/20/2064,Date
July 07th 2065,Date
2066-02-12,Date
"November 05, 2067",Date
06/09/2068,Date
22nd December 2069,Date
2070-07-26,Date
"May 14, 2071",Date
09/17/2072,Date
08:34 AM,Time
01:57 PM,Time
10:22 AM,Time
23:49 PM,Time
04:15 AM,Time
11:36 PM,Time
06:49 AM,Time
14:58 PM,Time
09:07 AM,Time
12:46 PM,Time
18:53 PM,Time
03:17 AM,Time
07:59 AM,Time
16:02 PM,Time
05:25 AM,Time
13:44 PM,Time
08:18 AM,Time
17:23 PM,Time
02:50 AM,Time
09:36 PM,Time
11:58 AM,Time
21:07 PM,Time
02:39 AM,Time
10:55 AM,Time
19:21 PM,Time
00:04 AM,Time
08:30 AM,Time
15:58 PM,Time
07:11 AM,Time
16:22 PM,Time
04:50 AM,Time
12:12 PM,Time
23:29 PM,Time
06:05 AM,Time
14:39 PM,Time
10:09 AM,Time
21:25 PM,Time
01:33 AM,Time
09:51 AM,Time
18:12 PM,Time
04:29 AM,Time
11:54 AM,Time
20:25 PM,Time
02:32 AM,Time
08:59 AM,Time
17:18 PM,Time
03:47 AM,Time
11:25 AM,Time
22:04 PM,Time
00:37 AM,Time
!,Punctuation
**,Punctuation
...,Punctuation
",",Punctuation
;,Punctuation
?,Punctuation
',Punctuation
"""",Punctuation
_,Punctuation
-,Punctuation
+,Punctuation
=,Punctuation
>,Punctuation
<,Punctuation
(,Punctuation
),Punctuation
[,Punctuation
],Punctuation
{,Punctuation
},Punctuation
@,Punctuation
#,Punctuation
$,Punctuation
%,Punctuation
&,Punctuation
*,Punctuation
/,Punctuation
\,Punctuation
|,Punctuation
~,Punctuation
^,Punctuation
`,Punctuation
¡,Punctuation
¢,Punctuation
£,Punctuation
¤,Punctuation
¥,Punctuation
¦,Punctuation
¨,Punctuation
©,Punctuation
ª,Punctuation
®,Punctuation
¯,Punctuation
apple,Word
dog,Word
car,Word
book,Word
tree,Word
house,Word
sun,Word
cat,Word
rain,Word
bird,Word
flower,Word
coffee,Word
moon,Word
music,Word
love,Word
friend,Word
city,Word
sky,Word
ocean,Word
beach,Word
mountain,Word
star,Word
dream,Word
smile,Word
hope,Word
time,Word
happy,Word
school,Word
money,Word
health,Word
family,Word
food,Word
work,Word
game,Word
baby,Word
dance,Word
water,Word
night,Word
fire,Word
green,Word
purple,Word
joy,Word
peace,Word
travels,Word
bird,Word
butterfly,Word
sunset,Word
breeze,Word
laughter,Word
holiday,Word
history,Word
adventure,Word
magic,Word
whisper,Word
silence,Word
sapphire,Word
serenity,Word
whimsy,Word
velvet,Word
marvel,Word
serendipity,Word
quintessence,Word
glimmer,Word
hallelujah,Word
lullaby,Word
enchanting,Word
magic,Word
fantasy,Word
moonlight,Word
marshmallow,Word
dreams,Word
twilight,Word
bizmo,Nonsense
flibbermop,Nonsense
snazzleblip,Nonsense
quibberflap,Nonsense
zooflam,Nonsense
doodleblat,Nonsense
zibberdingle,Nonsense
wobblefloop,Nonsense
snickerdop,Nonsense
fuzzleblip,Nonsense
jibberwack,Nonsense
noodlefizz,Nonsense
wazzleblat,Nonsense
gibbermuddle,Nonsense
quinzop,Nonsense
snaffledit,Nonsense
wobblewhack,Nonsense
skiddlyflip,Nonsense
jazzlebarb,Nonsense
doodlewhoop,Nonsense
razzledoodle,Nonsense
fizzlesnip,Nonsense
wibberflap,Nonsense
dozzledop,Nonsense
zibberflib,Nonsense
bz,RandomChars
fge,RandomChars
plj,RandomChars
qdr,RandomChars
th,RandomChars
qb,RandomChars
m,RandomChars
p,RandomChars
ts,RandomChars
ghd,RandomChars
v,RandomChars
po,RandomChars
lra,RandomChars
jzv,RandomChars
sbwc,RandomChars
xbpx,RandomChars
kn,RandomChars
vwr,RandomChars
zyok,RandomChars
ycfi,RandomChars
kq,RandomChars
s,RandomChars
pj,RandomChars
jj,RandomChars
pta,RandomChars
gai,RandomChars
fp,RandomChars
scq,RandomChars
z,RandomChars
fyy,RandomChars
qeij,RandomChars
vfj,RandomChars
ir,RandomChars
i,RandomChars
