192.168.104.169,IPAddr
103.50.67.15,IPAddr
10.15.168.9,IPAddr
172.25.135.48,IPAddr
100.202.32.92,IPAddr
10.119.98.36,IPAddr
192.168.14.138,IPAddr
172.16.251.26,IPAddr
10.170.160.184,IPAddr
172.29.72.56,IPAddr
10.236.93.179,IPAddr
10.230.51.99,IPAddr
192.168.228.166,IPAddr
172.24.123.165,IPAddr
192.168.89.99,IPAddr
10.136.115.112,IPAddr
172.25.183.226,IPAddr
10.211.175.225,IPAddr
10.129.46.135,IPAddr
192.168.91.238,IPAddr
172.28.232.187,IPAddr
192.168.168.148,IPAddr
172.16.108.103,IPAddr
10.48.50.0,IPAddr
172.24.41.91,IPAddr
192.168.24.81,IPAddr
10.37.51.60,IPAddr
10.218.21.44,IPAddr
172.17.45.143,IPAddr
192.168.118.53,IPAddr
10.219.69.96,IPAddr
10.175.127.95,IPAddr
192.168.24.2,IPAddr
10.170.99.7,IPAddr
172.26.91.101,IPAddr
10.97.125.18,IPAddr
192.168.74.98,IPAddr
172.31.226.247,IPAddr
10.128.235.22,IPAddr
172.16.85.101,IPAddr
10.87.227.139,IPAddr
10.47.49.139,IPAddr
192.168.185.52,IPAddr
172.28.199.111,IPAddr
192.168.217.137,IPAddr
172.30.123.246,IPAddr
10.220.93.0,IPAddr
172.23.17.29,IPAddr
192.168.143.1,IPAddr
10.34.135.80,IPAddr
192.168.49.172,IPAddr
Emily,Name
Oliver,Name
Sophia,Name
Jack,Name
Charlotte,Name
Harry,Name
Amelia,Name
George,Name
Isabella,Name
Oscar,Name
Ava,Name
Noah,Name
Mia,Name
William,Name
Lucy,Name
James,Name
Grace,Name
Henry,Name
Lily,Name
Leo,Name
Emily,Name
Jacob,Name
Olivia,Name
Alexander,Name
Chloe,Name
Benjamin,Name
Sophie,Name
Daniel,Name
Ella,Name
Joseph,Name
Scarlett,Name
Samuel,Name
Layla,Name
Thomas,Name
Harper,Name
Michael,Name
Zoe,Name
Matthew,Name
Abigail,Name
Jacob,Name
Sophia,Name
David,Name
Emily,Name
Joshua,Name
Grace,Name
Adam,Name
Lucy,Name
Ethan,Name
Lily,Name
Christopher,Name
Ava,Name
host_name_1,HostName
hostname2,HostName
host_3_name,HostName
4hostname,HostName
host-name-5,HostName
6_hostname,HostName
hostname7,HostName
8-host-name,HostName
hostname_9,HostName
host-10-name,HostName
host_name_11,HostName
12_hostname,HostName
host-13-name,HostName
hostname_14,HostName
15_host-name,HostName
host_name_16,HostName
hostname-17,HostName
18host_name,HostName
host-19-name,HostName
hostname_20,HostName
host-name-21,HostName
22_hostname,HostName
hostname23,HostName
host-24-name,HostName
hostname_25,HostName
26host_name,HostName
host_name-27,HostName
28_hostname,HostName
host-29-name,HostName
hostname_30,HostName
host_name-31,HostName
32hostname,HostName
host-33-name,HostName
hostname_34,HostName
35_host-name,HostName
host_name-36,HostName
hostname-37,HostName
38host_name,HostName
host-39-name,HostName
hostname_40,HostName
host_name-41,HostName
42_hostname,HostName
hostname43,HostName
host-44-name,HostName
hostname_45,HostName
46_host-name,HostName
host_name_47,HostName
hostname-48,HostName
49host_name,HostName
host-50-name,HostName
504346,Integer
485569,Integer
212438,Integer
248719,Integer
459469,Integer
227751,Integer
796694,Integer
654980,Integer
134938,Integer
738037,Integer
66543,Integer
434437,Integer
404423,Integer
661110,Integer
752989,Integer
222783,Integer
311641,Integer
405764,Integer
486152,Integer
333325,Integer
792651,Integer
500732,Integer
832349,Integer
322813,Integer
539888,Integer
361329,Integer
308236,Integer
911495,Integer
230102,Integer
75528,Integer
696403,Integer
527525,Integer
46758,Integer
680216,Integer
251348,Integer
41010,Integer
170469,Integer
602131,Integer
901278,Integer
989966,Integer
344802,Integer
487751,Integer
43080,Integer
678342,Integer
392490,Integer
830113,Integer
371057,Integer
190669,Integer
94428,Integer
106566,Integer
464267,Integer
360399.299924,Real
593112.568864,Real
918351.855716,Real
177741.527011,Real
546791.255728,Real
599896.036268,Real
630313.259581,Real
14789.864725,Real
531534.769415,Real
182535.429469,Real
390000.022910,Real
967253.807288,Real
264413.349898,Real
495785.751986,Real
504616.926241,Real
940583.533553,Real
9308.220880,Real
310661.498226,Real
340330.988696,Real
980.931726,Real
915911.226125,Real
515049.269163,Real
875724.135325,Real
482440.221408,Real
370244.947905,Real
897428.698721,Real
648353.267755,Real
422586.156013,Real
648683.912821,Real
5659.419841,Real
621222.321521,Real
125196.239978,Real
538718.885703,Real
461515.511052,Real
338352.385662,Real
99222.726204,Real
957411.231258,Real
949316.754119,Real
467013.346100,Real
719598.288717,Real
160924.345656,Real
82737.601684,Real
708918.404351,Real
53043.816660,Real
21846.204024,Real
314551.789499,Real
313712.878535,Real
46490.653432,Real
484927.376021,Real
275458.715948,Real
948953.219107,Real
442728.587660,Real
06-28-2022,Date
02/14/2023,Date
12-08-2023,Date
11/21/2023,Date
06-26-2022,Date
06/18/2023,Date
04-12-2022,Date
08/03/2022,Date
07-12-2022,Date
03/25/2023,Date
03-16-2023,Date
06/04/2023,Date
04-30-2022,Date
09/05/2023,Date
03-22-2023,Date
04/17/2023,Date
06-24-2023,Date
01/07/2023,Date
05-16-2022,Date
01/11/2022,Date
10-13-2022,Date
03/28/2022,Date
02-07-2023,Date
09/26/2022,Date
04-21-2023,Date
11/09/2022,Date
05-26-2022,Date
07/10/2023,Date
11-23-2023,Date
03/31/2023,Date
06-22-2022,Date
05/13/2022,Date
09-18-2023,Date
07/31/2022,Date
07-07-2022,Date
03/20/2022,Date
11-11-2023,Date
02/18/2023,Date
03-10-2022,Date
07/22/2022,Date
04-24-2022,Date
03/07/2023,Date
11-28-2022,Date
08/08/2023,Date
08-01-2023,Date
02/01/2023,Date
07-29-2022,Date
07/14/2022,Date
05-19-2023,Date
09/16/2022,Date
03-18-2023,Date
05/07/2023,Date
10:37 PM,Time
08:26 AM,Time
02:54 PM,Time
04:17 AM,Time
07:40 PM,Time
01:31 AM,Time
11:57 AM,Time
03:41 PM,Time
05:45 AM,Time
09:56 AM,Time
11:21 PM,Time
07:50 AM,Time
11:53 PM,Time
06:18 AM,Time
02:39 PM,Time
01:44 AM,Time
04:33 PM,Time
06:01 AM,Time
12:18 PM,Time
09:59 PM,Time
06:07 AM,Time
07:27 PM,Time
08:07 AM,Time
01:06 PM,Time
03:56 AM,Time
09:46 PM,Time
11:30 PM,Time
10:35 AM,Time
05:25 AM,Time
12:57 PM,Time
03:39 AM,Time
06:55 PM,Time
08:31 AM,Time
04:29 AM,Time
02:11 PM,Time
09:36 AM,Time
11:52 PM,Time
03:25 AM,Time
07:56 AM,Time
03:13 PM,Time
08:32 PM,Time
06:32 AM,Time
12:41 AM,Time
05:51 PM,Time
07:41 AM,Time
01:26 PM,Time
10:41 PM,Time
08:14 AM,Time
02:24 PM,Time
11:16 PM,Time
06:05 AM,Time
04:52 PM,Time
*,Punctuation
..,Punctuation
",",Punctuation
'',Punctuation
??,Punctuation
%,Punctuation
--,Punctuation
;,Punctuation
:,Punctuation
',Punctuation
(),Punctuation
"""",Punctuation
[],Punctuation
!,Punctuation
#,Punctuation
<<,Punctuation
>>,Punctuation
$,Punctuation
&,Punctuation
@,Punctuation
^,Punctuation
<>,Punctuation
{},Punctuation
+,Punctuation
\,Punctuation
|,Punctuation
~,Punctuation
//,Punctuation
**,Punctuation
..,Punctuation
..,Punctuation
",",Punctuation
'',Punctuation
??,Punctuation
%,Punctuation
--,Punctuation
;,Punctuation
:,Punctuation
',Punctuation
(),Punctuation
"""",Punctuation
[],Punctuation
!,Punctuation
#,Punctuation
<<,Punctuation
>>,Punctuation
$,Punctuation
&,Punctuation
@,Punctuation
^,Punctuation
<>,Punctuation
{},Punctuation
+,Punctuation
\,Punctuation
|,Punctuation
~,Punctuation
elevation,Word
program,Word
butterfly,Word
champion,Word
happy,Word
elephant,Word
ocean,Word
sunrise,Word
guitar,Word
mountain,Word
sunset,Word
cheese,Word
flower,Word
river,Word
freedom,Word
coffee,Word
moonlight,Word
bicycle,Word
journey,Word
passion,Word
oasis,Word
whisper,Word
adventure,Word
laughter,Word
dream,Word
friendship,Word
treasure,Word
harmony,Word
paradise,Word
serenity,Word
wonderful,Word
mystery,Word
delight,Word
inspire,Word
vibrant,Word
joyful,Word
serene,Word
sparkle,Word
peaceful,Word
breeze,Word
graceful,Word
fantasy,Word
enchanted,Word
magic,Word
triumph,Word
bliss,Word
radiant,Word
laughter,Word
serendipity,Word
playful,Word
flibbermash,Nonsense
glipglop,Nonsense
doodleboop,Nonsense
snickerdoodle,Nonsense
wibblewobble,Nonsense
ziggityzoo,Nonsense
bippitybop,Nonsense
rumpadump,Nonsense
flibbertigibbet,Nonsense
snugglesnort,Nonsense
whifflewhaffle,Nonsense
gobbledygook,Nonsense
mumbojumbo,Nonsense
dingleberry,Nonsense
noodlebrain,Nonsense
quibblyquabble,Nonsense
gibberish,Nonsense
fiddlefaddle,Nonsense
wackadoodle,Nonsense
zippityzappity,Nonsense
doodledoo,Nonsense
flibbertyniblet,Nonsense
razzmatazz,Nonsense
wobblewobble,Nonsense
zoodlezip,Nonsense
wifflewhiff,Nonsense
higgledy-piggledy,Nonsense
jibberjabber,Nonsense
flibflab,Nonsense
gobbledygobble,Nonsense
wigglywaggly,Nonsense
noodlepoodle,Nonsense
doodledoodle,Nonsense
snickerdoodle,Nonsense
zippitydippity,Nonsense
hobblehobble,Nonsense
fiddlefiddle,Nonsense
bizzbazz,Nonsense
whifflewaffle,Nonsense
jibberflibber,Nonsense
flibberflabber,Nonsense
gibberblabber,Nonsense
wogglewoggle,Nonsense
dingleflop,Nonsense
doodlepoodle,Nonsense
quibblequabble,Nonsense
wigglygig,Nonsense
fiddlefiddle,Nonsense
razzledazzle,Nonsense
p,RandomChars
yMb,RandomChars
&S,RandomChars
x3,RandomChars
q,RandomChars
Mv,RandomChars
8zO,RandomChars
oB7,RandomChars
lS,RandomChars
f,RandomChars
K0,RandomChars
5n,RandomChars
WqA,RandomChars
e,RandomChars
H3,RandomChars
iPl,RandomChars
F,RandomChars
9aO,RandomChars
J5,RandomChars
XU,RandomChars
t,RandomChars
h,RandomChars
L9T,RandomChars
r,RandomChars
Z,RandomChars
2,RandomChars
g,RandomChars
iM,RandomChars
J,RandomChars
D2,RandomChars
Tv,RandomChars
pJ,RandomChars
m,RandomChars
qB,RandomChars
O1,RandomChars
b,RandomChars
d,RandomChars
F,RandomChars
U4,RandomChars
Y,RandomChars
IJ,RandomChars
7z,RandomChars
6R,RandomChars
8w,RandomChars
N,RandomChars
1k,RandomChars
VX,RandomChars
Df9,RandomChars
eQl,RandomChars
192.168.1.108,IPAddr
10.0.0.150,IPAddr
172.16.1.64,IPAddr
192.168.0.1,IPAddr
10.1.1.27,IPAddr
172.16.0.50,IPAddr
192.168.1.200,IPAddr
10.0.0.46,IPAddr
172.16.1.56,IPAddr
192.168.0.201,IPAddr
10.1.1.180,IPAddr
172.16.0.14,IPAddr
192.168.1.219,IPAddr
10.0.0.52,IPAddr
172.16.1.205,IPAddr
192.168.0.106,IPAddr
10.1.1.132,IPAddr
172.16.0.88,IPAddr
192.168.1.63,IPAddr
10.0.0.197,IPAddr
172.16.1.91,IPAddr
192.168.0.98,IPAddr
10.1.1.14,IPAddr
172.16.0.211,IPAddr
192.168.1.139,IPAddr
10.0.0.195,IPAddr
172.16.1.8,IPAddr
192.168.0.117,IPAddr
10.1.1.214,IPAddr
172.16.0.36,IPAddr
192.168.1.11,IPAddr
10.0.0.214,IPAddr
172.16.1.162,IPAddr
192.168.0.157,IPAddr
10.1.1.166,IPAddr
172.16.0.73,IPAddr
192.168.1.204,IPAddr
10.0.0.116,IPAddr
172.16.1.81,IPAddr
192.168.0.59,IPAddr
10.1.1.141,IPAddr
172.16.0.143,IPAddr
192.168.1.88,IPAddr
10.0.0.69,IPAddr
172.16.1.23,IPAddr
192.168.0.33,IPAddr
10.1.1.219,IPAddr
172.16.0.117,IPAddr
192.168.1.252,IPAddr
10.0.0.227,IPAddr
172.16.1.119,IPAddr
192.168.0.240,IPAddr
10.1.1.116,IPAddr
172.16.0.66,IPAddr
Sophia,Name
Oliver,Name
Amelia,Name
Noah,Name
Isabella,Name
Mason,Name
Ava,Name
Ethan,Name
Mia,Name
Liam,Name
Charlotte,Name
Emma,Name
Lucas,Name
Harper,Name
Jackson,Name
Sophie,Name
Aiden,Name
Ella,Name
Caden,Name
Grace,Name
James,Name
Zoe,Name
Benjamin,Name
Chloe,Name
Alexander,Name
Lily,Name
Henry,Name
Emily,Name
Samuel,Name
Avery,Name
Michael,Name
Abigail,Name
Elijah,Name
Aria,Name
Daniel,Name
Scarlett,Name
Matthew,Name
Madison,Name
Logan,Name
Elizabeth,Name
Olivia,Name
Joseph,Name
Nora,Name
Lucy,Name
David,Name
Paisley,Name
Jonathan,Name
Layla,Name
Jack,Name
Hannah,Name
Daniel,Name
host_name_1,HostName
hostname2,HostName
host_3_name,HostName
4hostname,HostName
host-name-5,HostName
6_hostname,HostName
hostname7,HostName
8-host-name,HostName
hostname_9,HostName
host-10-name,HostName
host_name_11,HostName
12_hostname,HostName
host-13-name,HostName
hostname_14,HostName
15_host-name,HostName
host_name_16,HostName
hostname-17,HostName
18host_name,HostName
host-19-name,HostName
hostname_20,HostName
host-name-21,HostName
22_hostname,HostName
hostname23,HostName
host-24-name,HostName
hostname_25,HostName
26host_name,HostName
host_name-27,HostName
28_hostname,HostName
host-29-name,HostName
hostname_30,HostName
host_name-31,HostName
32hostname,HostName
host-33-name,HostName
hostname_34,HostName
35_host-name,HostName
host_name-36,HostName
hostname-37,HostName
38host_name,HostName
host-39-name,HostName
hostname_40,HostName
host_name-41,HostName
42_hostname,HostName
hostname43,HostName
host-44-name,HostName
hostname_45,HostName
46_host-name,HostName
host_name_47,HostName
hostname-48,HostName
49host_name,HostName
host-50-name,HostName
579953,Integer
903001,Integer
813357,Integer
133068,Integer
440049,Integer
198018,Integer
706311,Integer
195050,Integer
953963,Integer
392406,Integer
428621,Integer
221176,Integer
745985,Integer
161218,Integer
419887,Integer
144603,Integer
573029,Integer
300646,Integer
642390,Integer
731177,Integer
222385,Integer
337964,Integer
895376,Integer
850471,Integer
196055,Integer
880558,Integer
638171,Integer
488697,Integer
751078,Integer
322197,Integer
736527,Integer
199961,Integer
816334,Integer
921118,Integer
930584,Integer
384915,Integer
969781,Integer
965883,Integer
449566,Integer
68930,Integer
449752,Integer
589893,Integer
914989,Integer
566075,Integer
415012,Integer
41084,Integer
669906,Integer
940036,Integer
501491,Integer
728210,Integer
682048,Integer
759236.386968,Real
481209.567105,Real
541471.685658,Real
493418.894337,Real
933628.012458,Real
924464.245499,Real
426580.348647,Real
96570.959279,Real
502088.829064,Real
550450.992353,Real
131965.220093,Real
398976.768762,Real
27386.352456,Real
44595.162807,Real
633997.17455,Real
180676.117547,Real
771090.075046,Real
202354.60273,Real
261045.704078,Real
392803.832539,Real
267019.189499,Real
762073.105222,Real
716755.122904,Real
165429.682184,Real
335757.116012,Real
797049.444078,Real
835510.490641,Real
891700.227566,Real
377139.360889,Real
888839.193386,Real
463111.692506,Real
453861.644297,Real
258709.943124,Real
581242.914678,Real
353282.00664,Real
376641.880136,Real
84785.967867,Real
849506.47746,Real
332240.777389,Real
688118.942859,Real
816066.006735,Real
732444.486635,Real
412231.999892,Real
924060.773205,Real
850006.717515,Real
328623.322588,Real
223215.085094,Real
404314.450798,Real
707776.286477,Real
503962.84638,Real
763962.928668,Real
06-07-2022,Date
02/24/2023,Date
08-14-2023,Date
05/15/2023,Date
01-03-2022,Date
06/24/2022,Date
05-09-2023,Date
08/16/2022,Date
03-03-2023,Date
11/17/2022,Date
06-13-2023,Date
03/23/2023,Date
11-25-2022,Date
09/24/2022,Date
03-19-2022,Date
05/05/2023,Date
11-12-2022,Date
01/25/2022,Date
09-07-2022,Date
12/18/2023,Date
06-02-2022,Date
04/18/2022,Date
09-23-2023,Date
03/04/2022,Date
01-28-2023,Date
07/01/2022,Date
07-20-2023,Date
08/12/2023,Date
03-28-2022,Date
06/05/2022,Date
01-01-2023,Date
08/30/2023,Date
07-11-2022,Date
03/05/2022,Date
11-19-2022,Date
07/29/2023,Date
09-18-2023,Date
04/06/2022,Date
05-06-2023,Date
11/07/2022,Date
09-15-2022,Date
11/08/2023,Date
12-20-2022,Date
08/05/2022,Date
10-10-2023,Date
05/11/2022,Date
03-30-2022,Date
08/20/2023,Date
03-16-2023,Date
04/20/2023,Date
08:21 PM,Time
06:10 AM,Time
02:38 PM,Time
03:23 AM,Time
07:15 PM,Time
12:25 AM,Time
10:31 AM,Time
04:19 PM,Time
08:09 AM,Time
12:24 PM,Time
02:53 AM,Time
07:32 AM,Time
03:28 AM,Time
08:32 PM,Time
03:34 AM,Time
05:43 PM,Time
10:07 AM,Time
05:05 PM,Time
08:43 PM,Time
10:23 PM,Time
01:29 AM,Time
06:27 AM,Time
01:44 PM,Time
05:28 PM,Time
10:00 PM,Time
04:00 AM,Time
09:58 PM,Time
09:31 AM,Time
02:55 PM,Time
07:13 AM,Time
07:05 PM,Time
11:57 PM,Time
11:32 PM,Time
04:45 AM,Time
06:42 AM,Time
10:12 PM,Time
11:14 PM,Time
04:48 PM,Time
07:52 PM,Time
09:33 PM,Time
01:46 AM,Time
11:41 PM,Time
01:34 AM,Time
03:43 AM,Time
08:05 AM,Time
11:16 PM,Time
10:51 AM,Time
05:09 PM,Time
06:37 PM,Time
04:12 AM,Time
01:15 AM,Time
!,Punctuation
..,Punctuation
",",Punctuation
',Punctuation
?,Punctuation
%,Punctuation
--,Punctuation
;,Punctuation
:,Punctuation
',Punctuation
(),Punctuation
"""",Punctuation
[],Punctuation
!,Punctuation
#,Punctuation
<<,Punctuation
>>,Punctuation
$,Punctuation
&,Punctuation
@,Punctuation
^,Punctuation
<>,Punctuation
{},Punctuation
+,Punctuation
|,Punctuation
~,Punctuation
//,Punctuation
**,Punctuation
..,Punctuation
..,Punctuation
",",Punctuation
',Punctuation
?,Punctuation
%,Punctuation
--,Punctuation
;,Punctuation
:,Punctuation
',Punctuation
(),Punctuation
"""",Punctuation
[],Punctuation
!,Punctuation
#,Punctuation
<<,Punctuation
>>,Punctuation
$,Punctuation
&,Punctuation
@,Punctuation
^,Punctuation
<>,Punctuation
{},Punctuation
+,Punctuation
|,Punctuation
~,Punctuation
elevation,Word
program,Word
butterfly,Word
champion,Word
happy,Word
elephant,Word
ocean,Word
sunrise,Word
guitar,Word
mountain,Word
sunset,Word
cheese,Word
flower,Word
river,Word
freedom,Word
coffee,Word
moonlight,Word
bicycle,Word
journey,Word
passion,Word
oasis,Word
whisper,Word
adventure,Word
laughter,Word
dream,Word
friendship,Word
treasure,Word
harmony,Word
paradise,Word
serenity,Word
wonderful,Word
mystery,Word
delight,Word
inspire,Word
vibrant,Word
joyful,Word
serene,Word
sparkle,Word
peaceful,Word
breeze,Word
graceful,Word
fantasy,Word
enchanted,Word
magic,Word
triumph,Word
bliss,Word
radiant,Word
laughter,Word
serendipity,Word
playful,Word
zibblezop,Nonsense
flibbermash,Nonsense
wobbleflop,Nonsense
quibblyquabble,Nonsense
dingleberry,Nonsense
snickerdoodle,Nonsense
gobbledygook,Nonsense
mumbojumbo,Nonsense
jibberjabber,Nonsense
wackadoodle,Nonsense
higgledy-piggledy,Nonsense
fiddlefaddle,Nonsense
ziggityzoo,Nonsense
quiddlequaddle,Nonsense
shenanigans,Nonsense
wobblewobble,Nonsense
whifflewhaffle,Nonsense
noodlebrain,Nonsense
glipglop,Nonsense
ballyhoo,Nonsense
gibberish,Nonsense
mishmash,Nonsense
hoojamaflip,Nonsense
flibbertigibbet,Nonsense
brouhaha,Nonsense
wibblewobble,Nonsense
fizzerfrazz,Nonsense
razzmatazz,Nonsense
doodad,Nonsense
dingleflop,Nonsense
namby-pamby,Nonsense
kerfuffle,Nonsense
blether,Nonsense
gibberblabber,Nonsense
hobbledehoy,Nonsense
flibbertygibbet,Nonsense
gimcrack,Nonsense
shilly-shally,Nonsense
rambunctious,Nonsense
whimwham,Nonsense
codswallop,Nonsense
ragamuffin,Nonsense
hoopla,Nonsense
wopplewop,Nonsense
widdershins,Nonsense
thingamabob,Nonsense
gobbledygobble,Nonsense
skedaddle,Nonsense
waggamuffin,Nonsense
whatchamacallit,Nonsense
w,RandomChars
d,RandomChars
Ll,RandomChars
P@,RandomChars
h,RandomChars
c0,RandomChars
"""X",RandomChars
^-@,RandomChars
W,RandomChars
V,RandomChars
=Oz,RandomChars
2M9,RandomChars
8,RandomChars
=41,RandomChars
5A,RandomChars
U,RandomChars
$n4,RandomChars
R,RandomChars
3@,RandomChars
C8,RandomChars
3_N,RandomChars
z7,RandomChars
!6,RandomChars
a*r,RandomChars
O6x,RandomChars
4xV,RandomChars
;,RandomChars
*,RandomChars
N3L,RandomChars
d1,RandomChars
5,RandomChars
8^,RandomChars
3sW,RandomChars
&45,RandomChars
4,RandomChars
F,RandomChars
u,RandomChars
X74,RandomChars
M1m,RandomChars
4s_,RandomChars
G6,RandomChars
uCq,RandomChars
6t3,RandomChars
J#3,RandomChars
C,RandomChars
$,RandomChars
@,RandomChars
4z,RandomChars
6-@,RandomChars
w*,RandomChars
dS,RandomChars
192.168.0.1,IPAddr
10.0.0.1,IPAddr
172.16.0.1,IPAddr
192.168.1.1,IPAddr
10.1.1.1,IPAddr
172.16.1.1,IPAddr
192.168.0.2,IPAddr
10.0.0.2,IPAddr
172.16.0.2,IPAddr
192.168.1.2,IPAddr
10.1.1.2,IPAddr
172.16.1.2,IPAddr
192.168.0.3,IPAddr
10.0.0.3,IPAddr
172.16.0.3,IPAddr
192.168.1.3,IPAddr
10.1.1.3,IPAddr
172.16.1.3,IPAddr
192.168.0.4,IPAddr
10.0.0.4,IPAddr
172.16.0.4,IPAddr
192.168.1.4,IPAddr
10.1.1.4,IPAddr
172.16.1.4,IPAddr
192.168.0.5,IPAddr
10.0.0.5,IPAddr
172.16.0.5,IPAddr
192.168.1.5,IPAddr
10.1.1.5,IPAddr
172.16.1.5,IPAddr
192.168.0.6,IPAddr
10.0.0.6,IPAddr
172.16.0.6,IPAddr
192.168.1.6,IPAddr
10.1.1.6,IPAddr
172.16.1.6,IPAddr
192.168.0.7,IPAddr
10.0.0.7,IPAddr
172.16.0.7,IPAddr
192.168.1.7,IPAddr
10.1.1.7,IPAddr
172.16.1.7,IPAddr
192.168.0.8,IPAddr
10.0.0.8,IPAddr
172.16.0.8,IPAddr
192.168.1.8,IPAddr
10.1.1.8,IPAddr
172.16.1.8,IPAddr
192.168.0.9,IPAddr
10.0.0.9,IPAddr
172.16.0.9,IPAddr
192.168.1.9,IPAddr
10.1.1.9,IPAddr
172.16.1.9,IPAddr
Oliver,Name
Amelia,Name
Noah,Name
Isabella,Name
Mason,Name
Ava,Name
Ethan,Name
Mia,Name
Liam,Name
Charlotte,Name
Emma,Name
Lucas,Name
Harper,Name
Jack,Name
Sophia,Name
Aiden,Name
Ella,Name
Caden,Name
Grace,Name
James,Name
Zoe,Name
Alexander,Name
Chloe,Name
Benjamin,Name
Lily,Name
Henry,Name
Emily,Name
Samuel,Name
Avery,Name
Michael,Name
Abigail,Name
Elijah,Name
Aria,Name
Daniel,Name
Scarlett,Name
Matthew,Name
Madison,Name
Logan,Name
Elizabeth,Name
Olivia,Name
Joseph,Name
Nora,Name
Lucy,Name
David,Name
Paisley,Name
Jonathan,Name
Layla,Name
Daniel,Name
host_name_1,HostName
hostname2,HostName
host_3_name,HostName
4hostname,HostName
host-name-5,HostName
6_hostname,HostName
hostname7,HostName
8-host-name,HostName
hostname_9,HostName
host-10-name,HostName
host_name_11,HostName
12_hostname,HostName
host-13-name,HostName
hostname_14,HostName
15_host-name,HostName
host_name_16,HostName
hostname-17,HostName
18host_name,HostName
host-19-name,HostName
hostname_20,HostName
host-name-21,HostName
22_hostname,HostName
hostname23,HostName
host-24-name,HostName
hostname_25,HostName
26host_name,HostName
host_name-27,HostName
28_hostname,HostName
host-29-name,HostName
hostname_30,HostName
host_name-31,HostName
32hostname,HostName
host-33-name,HostName
hostname_34,HostName
35_host-name,HostName
host_name-36,HostName
hostname-37,HostName
38host_name,HostName
host-39-name,HostName
hostname_40,HostName
host_name-41,HostName
42_hostname,HostName
hostname43,HostName
host-44-name,HostName
hostname_45,HostName
46_host-name,HostName
host_name_47,HostName
hostname-48,HostName
49host_name,HostName
host-50-name,HostName
788998,Integer
400540,Integer
277139,Integer
507698,Integer
282418,Integer
238811,Integer
224983,Integer
241816,Integer
105348,Integer
725198,Integer
954287,Integer
870064,Integer
316899,Integer
54707,Integer
123692,Integer
413640,Integer
283639,Integer
517238,Integer
746539,Integer
72541,Integer
333984,Integer
80676,Integer
343315,Integer
889197,Integer
821220,Integer
806374,Integer
255247,Integer
25189,Integer
87479,Integer
875687,Integer
699384,Integer
235235,Integer
206854,Integer
847377,Integer
69450,Integer
642400,Integer
349717,Integer
725528,Integer
787390,Integer
825696,Integer
542352,Integer
844298,Integer
315211,Integer
449732,Integer
637535,Integer
762903,Integer
11513,Integer
682056,Integer
844539,Integer
10719,Integer
277912,Integer
987356.845811,Real
121110.813354,Real
453128.188070,Real
467293.618214,Real
182706.435195,Real
573667.278677,Real
437183.567193,Real
794447.245375,Real
191934.024527,Real
244202.032686,Real
647456.558739,Real
794451.152733,Real
916559.924595,Real
880644.300582,Real
909080.999392,Real
275734.211309,Real
848161.556071,Real
24603.742207,Real
12820.188267,Real
139848.861177,Real
609.001779,Real
789321.032169,Real
547308.044601,Real
422617.222951,Real
441479.328771,Real
122834.582576,Real
497079.320988,Real
485381.994140,Real
366849.913585,Real
806795.272840,Real
473520.391153,Real
648941.272245,Real
262083.099872,Real
467452.103864,Real
956801.127023,Real
251250.448716,Real
329379.509315,Real
463899.380469,Real
782196.141954,Real
381301.380358,Real
625383.862541,Real
328770.054728,Real
333924.736018,Real
601843.096275,Real
537072.560565,Real
625354.826881,Real
718998.314349,Real
604477.194493,Real
801495.998787,Real
919193.104172,Real
06-11-2023,Date
03/24/2023,Date
09-03-2022,Date
12/07/2022,Date
04-16-2023,Date
01/05/2023,Date
05-02-2023,Date
08/18/2023,Date
02-02-2022,Date
01/22/2022,Date
11-10-2022,Date
07/01/2023,Date
01-13-2022,Date
08/26/2022,Date
04-29-2023,Date
12/12/2023,Date
02-09-2023,Date
05/28/2022,Date
03-30-2023,Date
09/10/2022,Date
11-14-2023,Date
03/05/2022,Date
12-30-2022,Date
08/09/2022,Date
05-19-2023,Date
06/07/2023,Date
10-09-2022,Date
02/03/2022,Date
12-19-2023,Date
09/24/2023,Date
03-19-2022,Date
07/07/2022,Date
01-04-2023,Date
08/15/2023,Date
07-09-2022,Date
10/15/2022,Date
06-21-2023,Date
08/05/2023,Date
03-21-2022,Date
06/02/2023,Date
10-27-2023,Date
01/20/2022,Date
09-18-2023,Date
07/31/2022,Date
05-11-2022,Date
09/30/2023,Date
04-15-2022,Date
06/08/2022,Date
10-20-2023,Date
01/12/2023,Date
11-25-2022,Date
11:15 PM,Time
08:39 AM,Time
02:55 PM,Time
03:06 AM,Time
07:25 PM,Time
12:38 AM,Time
01:04 PM,Time
04:41 PM,Time
10:21 AM,Time
03:59 PM,Time
12:36 AM,Time
07:26 AM,Time
07:58 AM,Time
08:39 PM,Time
06:39 AM,Time
04:16 PM,Time
10:32 AM,Time
12:47 PM,Time
10:32 PM,Time
11:38 PM,Time
03:28 AM,Time
07:03 AM,Time
12:03 PM,Time
05:36 PM,Time
10:44 PM,Time
03:00 AM,Time
09:23 PM,Time
02:13 PM,Time
01:07 PM,Time
10:55 AM,Time
11:50 PM,Time
04:00 AM,Time
07:14 AM,Time
10:03 PM,Time
11:45 PM,Time
09:39 AM,Time
10:51 PM,Time
02:36 PM,Time
03:13 AM,Time
11:28 PM,Time
11:06 AM,Time
11:49 AM,Time
02:06 PM,Time
07:15 AM,Time
02:21 AM,Time
07:46 PM,Time
04:05 AM,Time
06:13 AM,Time
07:57 PM,Time
03:01 AM,Time
05:43 PM,Time
10:24 PM,Time
!,Punctuation
..,Punctuation
",",Punctuation
',Punctuation
?,Punctuation
%,Punctuation
--,Punctuation
;,Punctuation
:,Punctuation
',Punctuation
(),Punctuation
"""",Punctuation
[],Punctuation
!,Punctuation
#,Punctuation
<<,Punctuation
>>,Punctuation
$,Punctuation
&,Punctuation
@,Punctuation
^,Punctuation
<>,Punctuation
{},Punctuation
+,Punctuation
|,Punctuation
~,Punctuation
//,Punctuation
**,Punctuation
..,Punctuation
..,Punctuation
",",Punctuation
',Punctuation
?,Punctuation
%,Punctuation
--,Punctuation
;,Punctuation
:,Punctuation
',Punctuation
(),Punctuation
"""",Punctuation
[],Punctuation
!,Punctuation
#,Punctuation
<<,Punctuation
>>,Punctuation
$,Punctuation
&,Punctuation
@,Punctuation
^,Punctuation
<>,Punctuation
{},Punctuation
+,Punctuation
|,Punctuation
~,Punctuation
elevation,Word
program,Word
butterfly,Word
champion,Word
happy,Word
elephant,Word
ocean,Word
sunrise,Word
guitar,Word
mountain,Word
sunset,Word
cheese,Word
flower,Word
river,Word
freedom,Word
coffee,Word
moonlight,Word
bicycle,Word
journey,Word
passion,Word
oasis,Word
whisper,Word
adventure,Word
laughter,Word
dream,Word
friendship,Word
treasure,Word
harmony,Word
paradise,Word
serenity,Word
wonderful,Word
mystery,Word
delight,Word
inspire,Word
vibrant,Word
joyful,Word
serene,Word
sparkle,Word
peaceful,Word
breeze,Word
graceful,Word
fantasy,Word
enchanted,Word
magic,Word
triumph,Word
bliss,Word
radiant,Word
laughter,Word
serendipity,Word
playful,Word
zibblezop,Nonsense
flibbermash,Nonsense
wobbleflop,Nonsense
quibblyquabble,Nonsense
dingleberry,Nonsense
snickerdoodle,Nonsense
gobbledygook,Nonsense
mumbojumbo,Nonsense
jibberjabber,Nonsense
wackadoodle,Nonsense
higgledy-piggledy,Nonsense
fiddlefaddle,Nonsense
ziggityzoo,Nonsense
quiddlequaddle,Nonsense
shenanigans,Nonsense
wobblewobble,Nonsense
whifflewhaffle,Nonsense
noodlebrain,Nonsense
glipglop,Nonsense
ballyhoo,Nonsense
gibberish,Nonsense
mishmash,Nonsense
hoojamaflip,Nonsense
flibbertigibbet,Nonsense
brouhaha,Nonsense
wibblewobble,Nonsense
fizzerfrazz,Nonsense
razzmatazz,Nonsense
doodad,Nonsense
dingleflop,Nonsense
namby-pamby,Nonsense
kerfuffle,Nonsense
blether,Nonsense
gibberblabber,Nonsense
hobbledehoy,Nonsense
flibbertygibbet,Nonsense
gimcrack,Nonsense
shilly-shally,Nonsense
rambunctious,Nonsense
whimwham,Nonsense
codswallop,Nonsense
ragamuffin,Nonsense
hoopla,Nonsense
wopplewop,Nonsense
widdershins,Nonsense
thingamabob,Nonsense
gobbledygobble,Nonsense
skedaddle,Nonsense
waggamuffin,Nonsense
whatchamacallit,Nonsense
w,RandomChars
d,RandomChars
Ll,RandomChars
P@,RandomChars
h,RandomChars
c0,RandomChars
"""X",RandomChars
^-@,RandomChars
W,RandomChars
V,RandomChars
=Oz,RandomChars
2M9,RandomChars
8,RandomChars
=41,RandomChars
5A,RandomChars
U,RandomChars
$n4,RandomChars
R,RandomChars
3@,RandomChars
C8,RandomChars
3_N,RandomChars
z7,RandomChars
!6,RandomChars
a*r,RandomChars
O6x,RandomChars
4xV,RandomChars
;,RandomChars
*,RandomChars
N3L,RandomChars
d1,RandomChars
5,RandomChars
8^,RandomChars
3sW,RandomChars
&45,RandomChars
4,RandomChars
F,RandomChars
u,RandomChars
X74,RandomChars
M1m,RandomChars
4s_,RandomChars
G6,RandomChars
uCq,RandomChars
6t3,RandomChars
J#3,RandomChars
C,RandomChars
$,RandomChars
@,RandomChars
4z,RandomChars
6-@,RandomChars
w*,RandomChars
dS,RandomChars
192.168.0.1,IPAddr
10.0.0.1,IPAddr
172.16.0.1,IPAddr
192.168.1.1,IPAddr
10.1.1.1,IPAddr
172.16.1.1,IPAddr
192.168.0.2,IPAddr
10.0.0.2,IPAddr
172.16.0.2,IPAddr
192.168.1.2,IPAddr
10.1.1.2,IPAddr
172.16.1.2,IPAddr
192.168.0.3,IPAddr
10.0.0.3,IPAddr
172.16.0.3,IPAddr
192.168.1.3,IPAddr
10.1.1.3,IPAddr
172.16.1.3,IPAddr
192.168.0.4,IPAddr
10.0.0.4,IPAddr
172.16.0.4,IPAddr
192.168.1.4,IPAddr
10.1.1.4,IPAddr
172.16.1.4,IPAddr
192.168.0.5,IPAddr
10.0.0.5,IPAddr
172.16.0.5,IPAddr
192.168.1.5,IPAddr
10.1.1.5,IPAddr
172.16.1.5,IPAddr
192.168.0.6,IPAddr
10.0.0.6,IPAddr
172.16.0.6,IPAddr
192.168.1.6,IPAddr
10.1.1.6,IPAddr
172.16.1.6,IPAddr
192.168.0.7,IPAddr
10.0.0.7,IPAddr
172.16.0.7,IPAddr
192.168.1.7,IPAddr
10.1.1.7,IPAddr
172.16.1.7,IPAddr
192.168.0.8,IPAddr
10.0.0.8,IPAddr
172.16.0.8,IPAddr
192.168.1.8,IPAddr
10.1.1.8,IPAddr
172.16.1.8,IPAddr
192.168.0.9,IPAddr
10.0.0.9,IPAddr
172.16.0.9,IPAddr
192.168.1.9,IPAddr
10.1.1.9,IPAddr
172.16.1.9,IPAddr
Oliver,Name
Amelia,Name
Noah,Name
Isabella,Name
Mason,Name
Ava,Name
Ethan,Name
Mia,Name
Liam,Name
Charlotte,Name
Emma,Name
Lucas,Name
Harper,Name
Jack,Name
Sophia,Name
Aiden,Name
Ella,Name
Caden,Name
Grace,Name
James,Name
Zoe,Name
Alexander,Name
Chloe,Name
Benjamin,Name
Lily,Name
Henry,Name
Emily,Name
Samuel,Name
Avery,Name
Michael,Name
Abigail,Name
Elijah,Name
Aria,Name
Daniel,Name
Scarlett,Name
Matthew,Name
Madison,Name
Logan,Name
Elizabeth,Name
Olivia,Name
Joseph,Name
Nora,Name
Lucy,Name
David,Name
Paisley,Name
Jonathan,Name
Layla,Name
Daniel,Name
host_name_1,HostName
hostname2,HostName
host_3_name,HostName
4hostname,HostName
host-name-5,HostName
6_hostname,HostName
hostname7,HostName
8-host-name,HostName
hostname_9,HostName
host-10-name,HostName
host_name_11,HostName
12_hostname,HostName
host-13-name,HostName
hostname_14,HostName
15_host-name,HostName
host_name_16,HostName
hostname-17,HostName
18host_name,HostName
host-19-name,HostName
hostname_20,HostName
host-name-21,HostName
22_hostname,HostName
hostname23,HostName
host-24-name,HostName
hostname_25,HostName
26host_name,HostName
host_name-27,HostName
28_hostname,HostName
host-29-name,HostName
hostname_30,HostName
host_name-31,HostName
32hostname,HostName
host-33-name,HostName
hostname_34,HostName
35_host-name,HostName
host_name-36,HostName
hostname-37,HostName
38host_name,HostName
host-39-name,HostName
hostname_40,HostName
host_name-41,HostName
42_hostname,HostName
hostname43,HostName
host-44-name,HostName
hostname_45,HostName
46_host-name,HostName
host_name_47,HostName
hostname-48,HostName
49host_name,HostName
host-50-name,HostName
293983,Integer
168480,Integer
759682,Integer
474115,Integer
907970,Integer
588100,Integer
932305,Integer
261799,Integer
850804,Integer
618908,Integer
815714,Integer
456468,Integer
475750,Integer
194400,Integer
697550,Integer
273518,Integer
374700,Integer
357332,Integer
53041,Integer
281208,Integer
769362,Integer
16562,Integer
929073,Integer
483576,Integer
510272,Integer
112339,Integer
811511,Integer
88270,Integer
977752,Integer
545764,Integer
668484,Integer
208000,Integer
588784,Integer
501031,Integer
507743,Integer
762726,Integer
40115,Integer
444069,Integer
730696,Integer
406279,Integer
169796,Integer
946326,Integer
32260,Integer
213787,Integer
339192,Integer
799180,Integer
827454,Integer
4855,Integer
570613,Integer
648332,Integer
368196,Integer
302205,Integer
469404.178864,Real
925200.220699,Real
30242.604875,Real
248111.678616,Real
345650.035944,Real
690605.687413,Real
47002.801896,Real
565505.449913,Real
206939.704245,Real
935891.291589,Real
566658.013770,Real
786411.638823,Real
43408.979259,Real
25021.230895,Real
847717.019698,Real
914323.284152,Real
545888.112738,Real
94160.455032,Real
849384.238683,Real
139076.730704,Real
13646.390562,Real
946864.898688,Real
523034.960818,Real
264065.672769,Real
194056.446217,Real
324706.588948,Real
936553.569550,Real
259042.655667,Real
697669.728798,Real
316941.600610,Real
401596.280021,Real
942084.190126,Real
514210.561693,Real
509330.072167,Real
76353.841183,Real
563780.489220,Real
608981.275551,Real
189229.760900,Real
302012.088533,Real
840975.483066,Real
688136.438237,Real
956832.589094,Real
66325.164122,Real
335249.278895,Real
221065.577842,Real
433768.979392,Real
968032.809300,Real
636116.967225,Real
446514.091136,Real
873067.202223,Real
207226.831299,Real
560446.200558,Real
06-12-2023,Date
03/25/2023,Date
09-04-2022,Date
12/08/2022,Date
04-17-2023,Date
01/06/2023,Date
05-03-2023,Date
08/19/2023,Date
02-03-2022,Date
01/23/2022,Date
11-11-2022,Date
07/02/2023,Date
01-14-2022,Date
08/27/2022,Date
04-30-2023,Date
12/13/2023,Date
02-10-2023,Date
05/29/2022,Date
03-31-2023,Date
09/11/2022,Date
11-15-2023,Date
03/06/2022,Date
12-31-2022,Date
08/10/2022,Date
05-20-2023,Date
06/08/2023,Date
10-10-2022,Date
02/04/2022,Date
12-20-2023,Date
09/25/2023,Date
03-20-2022,Date
07/08/2022,Date
01-05-2023,Date
08/16/2023,Date
07-10-2022,Date
10/16/2022,Date
06-22-2023,Date
08/06/2023,Date
03-22-2022,Date
06/03/2023,Date
10-28-2023,Date
01/21/2022,Date
09-19-2023,Date
08/01/2022,Date
05-12-2022,Date
10/01/2023,Date
04-16-2022,Date
06/09/2022,Date
10-21-2023,Date
01/13/2023,Date
11-26-2022,Date
09:11 PM,Time
06:31 AM,Time
02:52 PM,Time
03:14 AM,Time
07:47 PM,Time
01:24 AM,Time
12:50 PM,Time
04:33 PM,Time
10:08 AM,Time
04:06 PM,Time
12:13 AM,Time
07:42 AM,Time
08:03 AM,Time
07:36 PM,Time
07:56 AM,Time
04:28 PM,Time
10:42 AM,Time
12:51 PM,Time
10:42 PM,Time
11:48 PM,Time
03:37 AM,Time
07:23 AM,Time
12:29 PM,Time
05:31 PM,Time
10:56 PM,Time
03:09 AM,Time
09:27 PM,Time
02:23 PM,Time
01:10 PM,Time
11:07 AM,Time
11:54 PM,Time
04:31 AM,Time
07:54 AM,Time
10:35 PM,Time
11:28 PM,Time
09:52 AM,Time
11:11 PM,Time
03:59 PM,Time
03:25 AM,Time
11:58 PM,Time
10:34 AM,Time
03:15 AM,Time
06:16 AM,Time
07:47 PM,Time
04:09 AM,Time
06:09 AM,Time
07:51 PM,Time
03:03 AM,Time
05:45 PM,Time
10:25 PM,Time
!,Punctuation
..,Punctuation
",",Punctuation
',Punctuation
?,Punctuation
%,Punctuation
--,Punctuation
;,Punctuation
:,Punctuation
',Punctuation
(),Punctuation
"""",Punctuation
[],Punctuation
!,Punctuation
#,Punctuation
<<,Punctuation
>>,Punctuation
$,Punctuation
&,Punctuation
@,Punctuation
^,Punctuation
<>,Punctuation
{},Punctuation
+,Punctuation
|,Punctuation
~,Punctuation
//,Punctuation
**,Punctuation
..,Punctuation
..,Punctuation
",",Punctuation
',Punctuation
?,Punctuation
%,Punctuation
--,Punctuation
;,Punctuation
:,Punctuation
',Punctuation
(),Punctuation
"""",Punctuation
[],Punctuation
!,Punctuation
#,Punctuation
<<,Punctuation
>>,Punctuation
$,Punctuation
&,Punctuation
@,Punctuation
^,Punctuation
<>,Punctuation
{},Punctuation
+,Punctuation
|,Punctuation
~,Punctuation
elevation,Word
program,Word
butterfly,Word
champion,Word
happy,Word
elephant,Word
ocean,Word
sunrise,Word
guitar,Word
mountain,Word
sunset,Word
cheese,Word
flower,Word
river,Word
freedom,Word
coffee,Word
moonlight,Word
bicycle,Word
journey,Word
passion,Word
oasis,Word
whisper,Word
adventure,Word
laughter,Word
dream,Word
friendship,Word
treasure,Word
harmony,Word
paradise,Word
serenity,Word
wonderful,Word
mystery,Word
delight,Word
inspire,Word
vibrant,Word
joyful,Word
serene,Word
sparkle,Word
peaceful,Word
breeze,Word
graceful,Word
fantasy,Word
enchanted,Word
magic,Word
triumph,Word
bliss,Word
radiant,Word
laughter,Word
serendipity,Word
playful,Word
zibblezop,Nonsense
flibbermash,Nonsense
wobbleflop,Nonsense
quibblyquabble,Nonsense
dingleberry,Nonsense
snickerdoodle,Nonsense
gobbledygook,Nonsense
mumbojumbo,Nonsense
jibberjabber,Nonsense
wackadoodle,Nonsense
higgledy-piggledy,Nonsense
fiddlefaddle,Nonsense
ziggityzoo,Nonsense
quiddlequaddle,Nonsense
shenanigans,Nonsense
wobblewobble,Nonsense
whifflewhaffle,Nonsense
noodlebrain,Nonsense
glipglop,Nonsense
ballyhoo,Nonsense
gibberish,Nonsense
mishmash,Nonsense
hoojamaflip,Nonsense
flibbertigibbet,Nonsense
brouhaha,Nonsense
wibblewobble,Nonsense
fizzerfrazz,Nonsense
razzmatazz,Nonsense
doodad,Nonsense
dingleflop,Nonsense
namby-pamby,Nonsense
kerfuffle,Nonsense
blether,Nonsense
gibberblabber,Nonsense
hobbledehoy,Nonsense
flibbertygibbet,Nonsense
gimcrack,Nonsense
shilly-shally,Nonsense
rambunctious,Nonsense
whimwham,Nonsense
codswallop,Nonsense
ragamuffin,Nonsense
hoopla,Nonsense
wopplewop,Nonsense
widdershins,Nonsense
thingamabob,Nonsense
gobbledygobble,Nonsense
skedaddle,Nonsense
waggamuffin,Nonsense
whatchamacallit,Nonsense
j,RandomChars
mV,RandomChars
a4,RandomChars
nF,RandomChars
Zn,RandomChars
RA,RandomChars
Y&,RandomChars
@,RandomChars
w,RandomChars
fdj,RandomChars
3Dj,RandomChars
yBJl,RandomChars
s,RandomChars
SG-,RandomChars
i,RandomChars
7lG9,RandomChars
K,RandomChars
5Kr,RandomChars
9HfP,RandomChars
@2e,RandomChars
JSN5,RandomChars
x5,RandomChars
yg,RandomChars
Mh,RandomChars
XdS,RandomChars
by,RandomChars
t3r,RandomChars
Q,RandomChars
Kb8N,RandomChars
l,RandomChars
dg,RandomChars
F,RandomChars
uV,RandomChars
G,RandomChars
wrY8,RandomChars
Q2F7,RandomChars
4z,RandomChars
t-F,RandomChars
w,RandomChars
dM,RandomChars
sj2,RandomChars
o_,RandomChars
3KJ,RandomChars
v,RandomChars
pL4,RandomChars
zJj,RandomChars
bmZ,RandomChars
A7T,RandomChars
192.168.0.1,IPAddr
10.0.0.1,IPAddr
172.16.0.1,IPAddr
192.168.1.1,IPAddr
10.1.1.1,IPAddr
172.16.1.1,IPAddr
192.168.0.2,IPAddr
10.0.0.2,IPAddr
172.16.0.2,IPAddr
192.168.1.2,IPAddr
10.1.1.2,IPAddr
172.16.1.2,IPAddr
192.168.0.3,IPAddr
10.0.0.3,IPAddr
172.16.0.3,IPAddr
192.168.1.3,IPAddr
10.1.1.3,IPAddr
172.16.1.3,IPAddr
192.168.0.4,IPAddr
10.0.0.4,IPAddr
172.16.0.4,IPAddr
192.168.1.4,IPAddr
10.1.1.4,IPAddr
172.16.1.4,IPAddr
192.168.0.5,IPAddr
10.0.0.5,IPAddr
172.16.0.5,IPAddr
192.168.1.5,IPAddr
10.1.1.5,IPAddr
172.16.1.5,IPAddr
192.168.0.6,IPAddr
10.0.0.6,IPAddr
172.16.0.6,IPAddr
192.168.1.6,IPAddr
10.1.1.6,IPAddr
172.16.1.6,IPAddr
192.168.0.7,IPAddr
10.0.0.7,IPAddr
172.16.0.7,IPAddr
192.168.1.7,IPAddr
10.1.1.7,IPAddr
172.16.1.7,IPAddr
192.168.0.8,IPAddr
10.0.0.8,IPAddr
172.16.0.8,IPAddr
192.168.1.8,IPAddr
10.1.1.8,IPAddr
172.16.1.8,IPAddr
192.168.0.9,IPAddr
10.0.0.9,IPAddr
172.16.0.9,IPAddr
192.168.1.9,IPAddr
10.1.1.9,IPAddr
172.16.1.9,IPAddr
Oliver,Name
Amelia,Name
Noah,Name
Isabella,Name
Mason,Name
Ava,Name
Ethan,Name
Mia,Name
Liam,Name
Charlotte,Name
Emma,Name
Lucas,Name
Harper,Name
Jack,Name
Sophia,Name
Aiden,Name
Ella,Name
Caden,Name
Grace,Name
James,Name
Zoe,Name
Alexander,Name
Chloe,Name
Benjamin,Name
Lily,Name
Henry,Name
Emily,Name
Samuel,Name
Avery,Name
Michael,Name
Abigail,Name
Elijah,Name
Aria,Name
Daniel,Name
Scarlett,Name
Matthew,Name
Madison,Name
Logan,Name
Elizabeth,Name
Olivia,Name
Joseph,Name
Nora,Name
Lucy,Name
David,Name
Paisley,Name
Jonathan,Name
Layla,Name
Daniel,Name
host_name_1,HostName
hostname2,HostName
host_3_name,HostName
4hostname,HostName
host-name-5,HostName
6_hostname,HostName
hostname7,HostName
8-host-name,HostName
hostname_9,HostName
host-10-name,HostName
host_name_11,HostName
12_hostname,HostName
host-13-name,HostName
hostname_14,HostName
15_host-name,HostName
host_name_16,HostName
hostname-17,HostName
18host_name,HostName
host-19-name,HostName
hostname_20,HostName
host-name-21,HostName
22_hostname,HostName
hostname23,HostName
host-24-name,HostName
hostname_25,HostName
26host_name,HostName
host_name-27,HostName
28_hostname,HostName
host-29-name,HostName
hostname_30,HostName
host_name-31,HostName
32hostname,HostName
host-33-name,HostName
hostname_34,HostName
35_host-name,HostName
host_name_36,HostName
hostname-37,HostName
38host_name,HostName
host-39-name,HostName
hostname_40,HostName
host_name-41,HostName
42_hostname,HostName
hostname43,HostName
host-44-name,HostName
hostname_45,HostName
46_host-name,HostName
host_name_47,HostName
hostname-48,HostName
49host_name,HostName
host-50-name,HostName
879304,Integer
958071,Integer
145603,Integer
152008,Integer
327179,Integer
668273,Integer
315600,Integer
962507,Integer
372442,Integer
281166,Integer
589594,Integer
383677,Integer
395785,Integer
580351,Integer
142203,Integer
642376,Integer
432881,Integer
796378,Integer
504668,Integer
932986,Integer
285088,Integer
759098,Integer
151221,Integer
398263,Integer
591741,Integer
269415,Integer
190277,Integer
305330,Integer
649593,Integer
546171,Integer
6490,Integer
611991,Integer
592424,Integer
317255,Integer
785622,Integer
85985,Integer
170310,Integer
835597,Integer
360874,Integer
583757,Integer
780140,Integer
811917,Integer
376052,Integer
753896,Integer
135663,Integer
16319,Integer
821964,Integer
739400,Integer
773233,Integer
272136,Integer
984036,Integer
572591,Integer
654265.793019,Real
912813.199965,Real
21675.738136,Real
752553.748012,Real
180928.106629,Real
499219.504591,Real
333381.317775,Real
28899.346389,Real
274650.576356,Real
580622.955597,Real
942201.205425,Real
622309.098895,Real
62337.662946,Real
915663.305857,Real
534403.530217,Real
57663.046293,Real
236980.760095,Real
909091.650457,Real
524325.109411,Real
654.241849,Real
910368.027321,Real
776508.557595,Real
98286.558759,Real
782019.424978,Real
290485.545121,Real
145788.830022,Real
97171.214179,Real
5428.153355,Real
467854.251662,Real
324918.283571,Real
262630.796545,Real
857326.729259,Real
588075.405241,Real
931029.491679,Real
559097.459421,Real
561237.039139,Real
530359.360413,Real
187523.967819,Real
113160.643150,Real
74648.996130,Real
664133.441567,Real
978070.203830,Real
785771.140168,Real
700526.990339,Real
906674.825739,Real
417503.939552,Real
645388.546649,Real
643733.816094,Real
390958.963618,Real
632372.617017,Real
06-20-2023,Date
03/03/2023,Date
09-10-2022,Date
12/26/2022,Date
04-23-2023,Date
01/16/2023,Date
05-14-2023,Date
08/28/2023,Date
02-06-2022,Date
01/14/2022,Date
11-17-2022,Date
07/28/2023,Date
01-16-2022,Date
08/12/2022,Date
05-07-2023,Date
12/28/2023,Date
02-27-2023,Date
05/30/2022,Date
04-30-2023,Date
10/05/2023,Date
03-13-2022,Date
07/01/2022,Date
01-06-2023,Date
08/14/2023,Date
07-06-2022,Date
10/22/2023,Date
03-18-2022,Date
07/06/2022,Date
01-05-2023,Date
08/16/2023,Date
07-04-2022,Date
10/19/2022,Date
09:43 PM,Time
07:02 AM,Time
01:54 PM,Time
02:16 AM,Time
06:49 PM,Time
12:16 AM,Time
12:42 PM,Time
04:25 PM,Time
09:56 AM,Time
04:32 PM,Time
12:39 AM,Time
07:08 AM,Time
07:29 AM,Time
07:02 PM,Time
07:21 AM,Time
04:12 PM,Time
10:36 AM,Time
12:45 PM,Time
10:36 PM,Time
11:42 PM,Time
03:37 AM,Time
07:23 AM,Time
12:29 PM,Time
05:31 PM,Time
10:56 PM,Time
03:09 AM,Time
09:27 PM,Time
02:23 PM,Time
01:10 PM,Time
11:07 AM,Time
11:54 PM,Time
04:31 AM,Time
07:54 AM,Time
10:35 PM,Time
11:28 PM,Time
09:52 AM,Time
11:11 PM,Time
04:59 PM,Time
03:25 AM,Time
12:00 AM,Time
10:24 AM,Time
03:33 AM,Time
06:34 AM,Time
08:05 PM,Time
04:26 AM,Time
06:19 AM,Time
07:56 PM,Time
03:51 AM,Time
06:33 PM,Time
11:13 PM,Time
!,Punctuation
..,Punctuation
",",Punctuation
',Punctuation
?,Punctuation
%,Punctuation
--,Punctuation
;,Punctuation
:,Punctuation
',Punctuation
(),Punctuation
"""",Punctuation
[],Punctuation
!,Punctuation
#,Punctuation
<<,Punctuation
>>,Punctuation
$,Punctuation
&,Punctuation
@,Punctuation
^,Punctuation
<>,Punctuation
{},Punctuation
+,Punctuation
|,Punctuation
~,Punctuation
//,Punctuation
**,Punctuation
..,Punctuation
..,Punctuation
",",Punctuation
',Punctuation
?,Punctuation
%,Punctuation
--,Punctuation
;,Punctuation
:,Punctuation
',Punctuation
(),Punctuation
"""",Punctuation
[],Punctuation
!,Punctuation
#,Punctuation
<<,Punctuation
>>,Punctuation
$,Punctuation
&,Punctuation
@,Punctuation
^,Punctuation
<>,Punctuation
{},Punctuation
+,Punctuation
|,Punctuation
~,Punctuation
elevation,Word
program,Word
butterfly,Word
champion,Word
happy,Word
elephant,Word
ocean,Word
sunrise,Word
guitar,Word
mountain,Word
sunset,Word
cheese,Word
flower,Word
river,Word
freedom,Word
coffee,Word
moonlight,Word
bicycle,Word
journey,Word
passion,Word
oasis,Word
whisper,Word
adventure,Word
laughter,Word
dream,Word
friendship,Word
treasure,Word
harmony,Word
paradise,Word
serenity,Word
wonderful,Word
mystery,Word
delight,Word
inspire,Word
vibrant,Word
joyful,Word
serene,Word
sparkle,Word
peaceful,Word
breeze,Word
graceful,Word
fantasy,Word
enchanted,Word
magic,Word
triumph,Word
bliss,Word
radiant,Word
serendipity,Word
playful,Word
zoplet,Nonsense
flibberdash,Nonsense
wobbleflap,Nonsense
quibblenash,Nonsense
dingleflop,Nonsense
snickletop,Nonsense
gobblefuddle,Nonsense
mumboflap,Nonsense
jibberdash,Nonsense
wackaflop,Nonsense
higgledash,Nonsense
fiddledoodle,Nonsense
ziggitydash,Nonsense
quiddlenash,Nonsense
shenaniflap,Nonsense
wobbletiddle,Nonsense
whiffleplap,Nonsense
noodleflop,Nonsense
glipperdash,Nonsense
ballytop,Nonsense
gibberflap,Nonsense
wobblefuddle,Nonsense
fizzerdash,Nonsense
razzledash,Nonsense
doodletiddle,Nonsense
snickerdash,Nonsense
wafflefuddle,Nonsense
nambyflap,Nonsense
gimmerdash,Nonsense
shillynash,Nonsense
rambunflap,Nonsense
hoojamop,Nonsense
fimbledash,Nonsense
gibberdash,Nonsense
winkleflop,Nonsense
zanytiddle,Nonsense
hobbleplap,Nonsense
flibbertiddle,Nonsense
gobblemash,Nonsense
shwiffleplap,Nonsense
quabbleflap,Nonsense
z,RandomChars
d,RandomChars
Ll,RandomChars
P,RandomChars
h,RandomChars
c0,RandomChars
X7,RandomChars
27,RandomChars
u,RandomChars
fj4,RandomChars
3Dj,RandomChars
yBJl,RandomChars
s,RandomChars
SG7,RandomChars
i,RandomChars
7lG9,RandomChars
K,RandomChars
5Kr,RandomChars
9HfP,RandomChars
@2e,RandomChars
JSN5,RandomChars
x5,RandomChars
yg,RandomChars
Mh,RandomChars
XdS,RandomChars
b,RandomChars
t3r,RandomChars
Q,RandomChars
Kb8N,RandomChars
l1,RandomChars
dg,RandomChars
F,RandomChars
uV,RandomChars
G6,RandomChars
wrY8,RandomChars
Q2F7,RandomChars
4z,RandomChars
t-F,RandomChars
w,RandomChars
dS,RandomChars
192.168.0.1,IPAddr
10.0.0.1,IPAddr
172.16.0.1,IPAddr
192.168.1.1,IPAddr
10.1.1.1,IPAddr
172.16.1.1,IPAddr
192.168.0.2,IPAddr
10.0.0.2,IPAddr
172.16.0.2,IPAddr
192.168.1.2,IPAddr
10.1.1.2,IPAddr
172.16.1.2,IPAddr
192.168.0.3,IPAddr
10.0.0.3,IPAddr
172.16.0.3,IPAddr
192.168.1.3,IPAddr
10.1.1.3,IPAddr
172.16.1.3,IPAddr
192.168.0.4,IPAddr
10.0.0.4,IPAddr
172.16.0.4,IPAddr
192.168.1.4,IPAddr
10.1.1.4,IPAddr
172.16.1.4,IPAddr
192.168.0.5,IPAddr
10.0.0.5,IPAddr
172.16.0.5,IPAddr
192.168.1.5,IPAddr
10.1.1.5,IPAddr
172.16.1.5,IPAddr
192.168.0.6,IPAddr
10.0.0.6,IPAddr
172.16.0.6,IPAddr
192.168.1.6,IPAddr
10.1.1.6,IPAddr
172.16.1.6,IPAddr
192.168.0.7,IPAddr
10.0.0.7,IPAddr
172.16.0.7,IPAddr
192.168.1.7,IPAddr
10.1.1.7,IPAddr
172.16.1.7,IPAddr
Oliver,Name
Amelia,Name
Noah,Name
Isabella,Name
Mason,Name
Ava,Name
Ethan,Name
Mia,Name
Liam,Name
Charlotte,Name
Emma,Name
Lucas,Name
Harper,Name
Jack,Name
Sophia,Name
Aiden,Name
Ella,Name
Caden,Name
Grace,Name
James,Name
Zoe,Name
Alexander,Name
Chloe,Name
Benjamin,Name
Lily,Name
Henry,Name
Emily,Name
Samuel,Name
Avery,Name
Michael,Name
Abigail,Name
Elijah,Name
Aria,Name
Daniel,Name
Scarlett,Name
Matthew,Name
Madison,Name
Logan,Name
Elizabeth,Name
Olivia,Name
Joseph,Name
Nora,Name
Lucy,Name
David,Name
Paisley,Name
Jonathan,Name
Layla,Name
Daniel,Name
host_name_1,HostName
hostname2,HostName
host_3_name,HostName
4hostname,HostName
host-name-5,HostName
6_hostname,HostName
hostname7,HostName
8-host-name,HostName
hostname_9,HostName
host-10-name,HostName
host_name_11,HostName
12_hostname,HostName
host-13-name,HostName
hostname_14,HostName
15_host-name,HostName
host_name_16,HostName
hostname-17,HostName
18host_name,HostName
host-19-name,HostName
hostname_20,HostName
host-name-21,HostName
22_hostname,HostName
hostname23,HostName
host-24-name,HostName
hostname_25,HostName
26host_name,HostName
host_name-27,HostName
28_hostname,HostName
host-29-name,HostName
hostname_30,HostName
host_name-31,HostName
32hostname,HostName
host-33-name,HostName
hostname_34,HostName
35_host-name,HostName
host_name_36,HostName
hostname-37,HostName
38host_name,HostName
host-39-name,HostName
hostname_40,HostName
host_name-41,HostName
42_hostname,HostName
hostname43,HostName
host-44-name,HostName
hostname_45,HostName
46_host-name,HostName
host_name_47,HostName
hostname-48,HostName
49host_name,HostName
host-50-name,HostName
204746,Integer
702394,Integer
793079,Integer
205978,Integer
422704,Integer
906173,Integer
269099,Integer
830597,Integer
510957,Integer
752309,Integer
575001,Integer
930105,Integer
715267,Integer
554604,Integer
244334,Integer
830244,Integer
277122,Integer
898263,Integer
143402,Integer
287912,Integer
986586,Integer
716339,Integer
318176,Integer
811959,Integer
785023,Integer
252261,Integer
251634,Integer
802491,Integer
737497,Integer
942810,Integer
549734,Integer
480520,Integer
727542,Integer
638049,Integer
967902,Integer
377891,Integer
171632,Integer
862299,Integer
474183,Integer
289690,Integer
863557,Integer
768553,Integer
125521,Integer
846696,Integer
825868,Integer
156801,Integer
163251,Integer
901764.125331,Real
640421.035574,Real
489372.485693,Real
91492.078002,Real
652088.692097,Real
162720.893778,Real
852535.801864,Real
233339.406661,Real
95086.682939,Real
740628.424585,Real
600095.820211,Real
657836.255525,Real
246381.516946,Real
280501.394068,Real
659552.254110,Real
917665.853031,Real
39554.465575,Real
678572.230473,Real
26028.581324,Real
496644.978028,Real
359161.035433,Real
754024.228011,Real
790454.517658,Real
286220.948108,Real
730440.851838,Real
826745.387484,Real
580931.405507,Real
621468.391336,Real
109.149879,Real
31424.449359,Real
718503.557079,Real
632623.231788,Real
705273.695084,Real
...,Real
743840.162496,Real
367564.617804,Real
146456.998337,Real
960536.603013,Real
Africa Estate,Real
04-01-2023,Date
02/10/2023,Date
12-25-2022,Date
01/03/2022,Date
07-07-2023,Date
11/02/2023,Date
06-16-2023,Date
08/10/2023,Date
03-20-2022,Date
09/24/2023,Date
12-31-2022,Date
05/15/2022,Date
09-06-2023,Date
02/21/2022,Date
08/25/2023,Date
04-06-2023,Date
11/11/2022,Date
06-09-2023,Date
09/19/2023,Date
11-26-2022,Date
07/08/2022,Date
12-20-2023,Date
05/06/2022,Date
09-28-2023,Date
01/16/2023,Date
08-01-2023,Date
...,Date
02/02/2023,Date
04:17 AM,Time
08:55 PM,Time
06:43 AM,Time
01:09 PM,Time
09:32 PM,Time
10:58 AM,Time
03:26 PM,Time
05:44 AM,Time
11:56 PM,Time
07:20 AM,Time
02:38 PM,Time
12:04 AM,Time
06:25 AM,Time
11:36 PM,Time
08:08 AM,Time
02:47 PM,Time
04:13 AM,Time
10:12 PM,Time
03:45 PM,Time
07:16 AM,Time
01:24 PM,Time
09:58 AM,Time
06:54 PM,Time
12:47 PM,Time
10:04 PM,Time
03:54 PM,Time
05:11 AM,Time
11:26 PM,Time
08:36 AM,Time
02:59 PM,Time
04:32 AM,Time
07:11 AM,Time
01:42 PM,Time
09:23 AM,Time
06:12 PM,Time
12:31 AM,Time
10:18 AM,Time
02:03 PM,Time
04:44 AM,Time
07:25 PM,Time
!,Punctuation
..,Punctuation
",",Punctuation
',Punctuation
?,Punctuation
%,Punctuation
--,Punctuation
;,Punctuation
:,Punctuation
',Punctuation
(),Punctuation
"""",Punctuation
[],Punctuation
!,Punctuation
#,Punctuation
<<,Punctuation
>>,Punctuation
$,Punctuation
&,Punctuation
@,Punctuation
^,Punctuation
<>,Punctuation
{},Punctuation
+,Punctuation
|,Punctuation
~,Punctuation
//,Punctuation
**,Punctuation
..,Punctuation
..,Punctuation
",",Punctuation
',Punctuation
?,Punctuation
%,Punctuation
--,Punctuation
;,Punctuation
:,Punctuation
',Punctuation
(),Punctuation
"""",Punctuation
[],Punctuation
!,Punctuation
#,Punctuation
<<,Punctuation
>>,Punctuation
$,Punctuation
&,Punctuation
@,Punctuation
^,Punctuation
<>,Punctuation
{},Punctuation
+,Punctuation
|,Punctuation
~,Punctuation
elevation,Word
program,Word
butterfly,Word
champion,Word
happy,Word
elephant,Word
ocean,Word
sunrise,Word
guitar,Word
mountain,Word
sunset,Word
cheese,Word
flower,Word
river,Word
freedom,Word
coffee,Word
moonlight,Word
bicycle,Word
journey,Word
passion,Word
oasis,Word
whisper,Word
adventure,Word
laughter,Word
dream,Word
friendship,Word
treasure,Word
harmony,Word
paradise,Word
serenity,Word
wonderful,Word
mystery,Word
delight,Word
inspire,Word
vibrant,Word
joyful,Word
serene,Word
sparkle,Word
peaceful,Word
breeze,Word
graceful,Word
fantasy,Word
enchanted,Word
magic,Word
triumph,Word
bliss,Word
radiant,Word
laughter,Word
serendipity,Word
playful,Word
